uuid,memory_address,page_number,page_offset,size,source
b'\xac\xef2y1SI\xc7\xbfE\x08q\xbc\\\xed9',249645473792,,,12288,SOURCE_WINDOWS_FIVEDIRECTIONS
b'\x1e\xb1\xd6i+\xa2O\xef\x94\x9e\xdf\xbfX\xd73\xfb',249645469696,,,12288,SOURCE_WINDOWS_FIVEDIRECTIONS
b'\x0e\xb1\x00\xc6\x14\x8aB{\xb6\x8d\xfa1\xb4#\xbfo',249645465600,,,12288,SOURCE_WINDOWS_FIVEDIRECTIONS
"b""X\x0e\xe6'i1@q\xb6C^A\xc4\xf8\xcf\t""",249645461504,,,12288,SOURCE_WINDOWS_FIVEDIRECTIONS
b'\xeb\xc2\xe4\x0e}\xefK\x8c\xaa\xcfVO\xa3\x87FZ',2624176959488,,,12288,SOURCE_WINDOWS_FIVEDIRECTIONS
"b'\x891H""\x92\xcfC\x04\xa2Y!\x80\xd4Q\xccm'",2624176828416,,,4096,SOURCE_WINDOWS_FIVEDIRECTIONS
b'UC\xc9\x9b\xbd\tNe\xa0\x93f\x06\xb4\xb4\x01D',514001469440,,,524288,SOURCE_WINDOWS_FIVEDIRECTIONS
b'\x999\xca\xf5\xd4\x8aE\x96\x9e\x84\x80\x04\x99\x96\x98.',514001960960,,,32768,SOURCE_WINDOWS_FIVEDIRECTIONS
b'\xcc\x12\xc2\x83\x92*B\x17\xb5l&\xe57\x17\xd7\xe5',514001948672,,,12288,SOURCE_WINDOWS_FIVEDIRECTIONS
"b'RD\x1f\xac\xb6LJ\x93\xaa""\xcb\r[\xafD\xf3'",895318228992,,,1048576,SOURCE_WINDOWS_FIVEDIRECTIONS
b'\xc6%%k\x1coE\xdf\xa4JU\xac\x9bi\x8c\x07',895319244800,,,32768,SOURCE_WINDOWS_FIVEDIRECTIONS
b'\x96qD\x8f\xb1^Ml\xaa\xb5eN\xa3\xf8a\xea',895319232512,,,12288,SOURCE_WINDOWS_FIVEDIRECTIONS
"b';""\xbd\x8b\x8eRJ\xcc\xa2[\xefp%\xadwu'",2147352576,,,4096,SOURCE_WINDOWS_FIVEDIRECTIONS
b'\x02\xe1\xad0\xb9\x88@M\x90\xc4ZR\x88\xa4 3',2147356672,,,61440,SOURCE_WINDOWS_FIVEDIRECTIONS
b'\xf3\xc0\xd1]\xfd<J\x01\xbf=\xd2\xb1Q\xa58\xc1',895316131840,,,2097152,SOURCE_WINDOWS_FIVEDIRECTIONS
b'\xbf\x8bf\xab\xd4\xe3OK\xabe\xbf\xc5!_\x1cq',249646546944,,,524288,SOURCE_WINDOWS_FIVEDIRECTIONS
b'\xca\xdc\xc0/\xbbGL\x1b\xae\xd0\xc5_\xf3\x86_\xfe',249647063040,,,8192,SOURCE_WINDOWS_FIVEDIRECTIONS
"b'UV0\xdc\x97`K1\xa0\x99\x0c,\xc3u\xbc\x0c'",249647050752,,,12288,SOURCE_WINDOWS_FIVEDIRECTIONS
b'\xa3\xf0\xa6\xa4\xc2\xbaE\xd8\xb6\x0b\xc3L9\xe4\xec:',1573578735616,,,98304,SOURCE_WINDOWS_FIVEDIRECTIONS
b'g\xeb\n\xaa\r\xd2CK\xb3SIs\xd4\xc8P=',1573578866688,,,73728,SOURCE_WINDOWS_FIVEDIRECTIONS
"b'~6\xf3\x8a\xc13H\r\x8e,\x19\x94\xa6P\xd3\xad'",1573578997760,,,28672,SOURCE_WINDOWS_FIVEDIRECTIONS
b'l5\r\x148\x99A9\x9f\xdd\x8f<8\xe1p\x13',1573579063296,,,86016,SOURCE_WINDOWS_FIVEDIRECTIONS
b'X\xc7\x005\xafOOj\x83\x16UD\xbb\xb0^\n',1573657382912,,,196608,SOURCE_WINDOWS_FIVEDIRECTIONS
b'\xeb\xbbR\x0f<\x84Ij\x8f\xca\x04\xbb^M\t\xc6',1573659029504,,,57344,SOURCE_WINDOWS_FIVEDIRECTIONS
b';\xb4\x99\xcf\xc6\xedB\xea\x9ak0\xbc\x1dys\xfc',1573636820992,,,24576,SOURCE_WINDOWS_FIVEDIRECTIONS
b'\x0e4t\x17\\\xbcB\xd9\xbd\xa3`\xd2\xa4\xa67\xe7',1573636640768,,,20480,SOURCE_WINDOWS_FIVEDIRECTIONS
b'ms\x16\xaf/\xf5JV\x83\xa1\xb8\xce\xdb\xd1\x05\xb3',1573636919296,,,20480,SOURCE_WINDOWS_FIVEDIRECTIONS
b'\x13\x8f=m\xe1\x01EA\xaev\xebC\x83\xb0\x1a\xeb',1573636620288,,,12288,SOURCE_WINDOWS_FIVEDIRECTIONS
b'2\x15\xc9c\xb3\xabD\xc1\x9d\xc0\xa3s\x8eb\x8c\xd1',1573657677824,,,12288,SOURCE_WINDOWS_FIVEDIRECTIONS
b'\x88\xe2\x17\xe4\xbd\xf3J\x88\xbe\x88M\x08\xf5Ch\xa0',1573637541888,,,8192,SOURCE_WINDOWS_FIVEDIRECTIONS
b'o\xfb~H\xbd\xd6F\x1e\x87\xfb\xbc\xb7\xd1_L\x0c',1573636542464,,,8192,SOURCE_WINDOWS_FIVEDIRECTIONS
b'2\x04\xe1\xf5y\x95KV\x90\xf3f6\x9fo\xbd\x84',1573628768256,,,4096,SOURCE_WINDOWS_FIVEDIRECTIONS
b'\xbe\x90C\xad!nLK\xaf\xcd>dO\xa3=\xea',1573628256256,,,4096,SOURCE_WINDOWS_FIVEDIRECTIONS
b'\xab\x99\xc4\xb2\xee\xd9C\xd9\xb1\xd5\xc7\t\xbe\x9a\xa6*',1573657808896,,,4096,SOURCE_WINDOWS_FIVEDIRECTIONS
b' \xad\xce\xdd\x9e\xf4B\x9a\xad\x94i\x14\xbc\x0b\x89\xe7',1573639577600,,,4096,SOURCE_WINDOWS_FIVEDIRECTIONS
b'\xd5#\xd8\xc6\xd9\xc4G\x02\xb5\xd9}\xe9\x82|i\xef',1573639008256,,,4096,SOURCE_WINDOWS_FIVEDIRECTIONS
b'rX\xe7\xbe;\xc7G`\x9f\x95\x030\xfb\xb0-\x8e',1573636505600,,,4096,SOURCE_WINDOWS_FIVEDIRECTIONS
"b'\xe2kgS""\xf6G\xd2\x88\x8d}\xe0ve\xf9S'",1573628575744,,,110592,SOURCE_WINDOWS_FIVEDIRECTIONS
b':w\xc9\xf6\xba\x94@\x1c\x9d\xabY\xfd\xedq:\xf9',1573637959680,,,61440,SOURCE_WINDOWS_FIVEDIRECTIONS
b'{.\xba\x9c\x8c\x14J\x05\x8c\xe5\xf5Ug\x08W\x84',1573637521408,,,45056,SOURCE_WINDOWS_FIVEDIRECTIONS
b'\x12\xb2]\x83\xd2\xb6A\x89\xa9\xbf\xc5H\x93o$\xe3',1573637779456,,,45056,SOURCE_WINDOWS_FIVEDIRECTIONS
b'n\x1e\x9c\xec\xe6\x9dB\x90\x94&\xefvv\x13\x90\xca',1573637120000,,,32768,SOURCE_WINDOWS_FIVEDIRECTIONS
"b'q\xd7\xec=,\x9dH\xe2\xb7^\xfb\xfd\x11\x86\x10\x97'",1573637857280,,,28672,SOURCE_WINDOWS_FIVEDIRECTIONS
"b""\xbe\xe0y\xac\x06MB\x9c\x82'\xc5\xf4\xc2\tk`""",1573636915200,,,24576,SOURCE_WINDOWS_FIVEDIRECTIONS
"b""$\xf9'\xda\xf7\xfcL\x8f\x87\xefO\t\x06\x82Zc""",1573628407808,,,12288,SOURCE_WINDOWS_FIVEDIRECTIONS
b'1j]\x96K\x91@\x08\x99\xd4\xc9\xba\x05K<\xa1',1573637238784,,,12288,SOURCE_WINDOWS_FIVEDIRECTIONS
b'\x89\xb0\xc35\x9eZH\xfc\xa1\xf5\xb2\x0bD\x93i+',1573637738496,,,12288,SOURCE_WINDOWS_FIVEDIRECTIONS
b'\xbd\xee\xe1\xa9\xce\xb7F\r\xbbXv\x90\xd8\x12\xf6\xf1',1573638041600,,,12288,SOURCE_WINDOWS_FIVEDIRECTIONS
b'o\xbc;\xc8G\x9dK\x9c\x82\xca\x1cH\xdf\n\xd3\xb4',1573637926912,,,12288,SOURCE_WINDOWS_FIVEDIRECTIONS
b'5(u\xa7\xed\x9cA\\\x92\xc3{c\xe9\x19_x',1573638090752,,,12288,SOURCE_WINDOWS_FIVEDIRECTIONS
b'\xe24\x1e<\xdb\xb3C\xe4\x9c\xda\x9a\xf7~\x94\xf3C',1573628387328,,,8192,SOURCE_WINDOWS_FIVEDIRECTIONS
b':\xab\x93\xee\x04VK\xfa\xa2\xaf\x9f\x94\xd6K\xbfq',1573638340608,,,159744,SOURCE_WINDOWS_FIVEDIRECTIONS
b'\xa7\xac\x8f\xab\x00\xa4F[\xb0Z\xbd\x0cZ\xc9\xec\x80',1573638537216,,,126976,SOURCE_WINDOWS_FIVEDIRECTIONS
b'D\xe1\xed\xb3\x90vCT\x88g\xaa\x0cr.\xea\x80',1573638168576,,,61440,SOURCE_WINDOWS_FIVEDIRECTIONS
b'\tLF\xa7\xf6\\G0\xa9k\xef/\xbf\xe8\x16\x12',1573637341184,,,12288,SOURCE_WINDOWS_FIVEDIRECTIONS
b'&\x06O/\xe0\xd8F\x9e\x921\x81\x9b\xed$S\x8e',526319616,,,524288,SOURCE_WINDOWS_FIVEDIRECTIONS
"b""\xf5\xd7\xfe@\x85\xfbJ\xd2\xb4'@&\xe0\xc2h\xb1""",526786560,,,57344,SOURCE_WINDOWS_FIVEDIRECTIONS
"b'K,\xb7\x1b\x14\xeaH\xba\xb5l>\xa53\xb4\x0f\xdb'",526774272,,,12288,SOURCE_WINDOWS_FIVEDIRECTIONS
b'\x93\x88sb\x04xIU\xa4#d\xdf\x07\x00\xaa\x00',330588160,,,8192,SOURCE_WINDOWS_FIVEDIRECTIONS
b'r2\x07\x1d\xc4eF\x99\x82$OJ\xd0\xdd\x19\x02',1894234456064,,,131072,SOURCE_WINDOWS_FIVEDIRECTIONS
b'w4\xf4m\xe4/A[\xaf\xf1V\x17\xf3J\x86k',612772544512,,,524288,SOURCE_WINDOWS_FIVEDIRECTIONS
b'\x0f\x164w\x1c_N\xa8\xa26\xb2_\x03\xdf\xc9R',612773036032,,,32768,SOURCE_WINDOWS_FIVEDIRECTIONS
b'$\x0f\xec\xda\xc2kM\x9f\x93\x9f\xe2\xe8\xef-\xbc\xd8',612773023744,,,12288,SOURCE_WINDOWS_FIVEDIRECTIONS
b'\xcaT\xc2p\xcexH\xbb\x86\x85\xed\xb8\xae\xb4\x1d8',1894234849280,,,4096,SOURCE_WINDOWS_FIVEDIRECTIONS
b'\xa3{\xb0G\x01\x9fK\xf7\xaf\xc29\xbc\xcb\xac5B',1894234914816,,,33558528,SOURCE_WINDOWS_FIVEDIRECTIONS
"b'\x7f""H\xf7\xc7\xa8I\xe5\xa2)\xf7/w\x92\xc7Y'",1894268469248,,,4096,SOURCE_WINDOWS_FIVEDIRECTIONS
b'6\xad\x0bg\xc8\xdaF\xaf\x9f}\xd7$\x10\xdf\xc4E',1894268534784,,,1376256,SOURCE_WINDOWS_FIVEDIRECTIONS
"b'j""l\x90N:K\xc4\x87@\xd0C\xec\xddw\xe2'",1894268862464,,,8192,SOURCE_WINDOWS_FIVEDIRECTIONS
b'[\x97@O\x87&@\xdf\xa5\xd1fb\x9b\xb4\x85G',1894268870656,,,4096,SOURCE_WINDOWS_FIVEDIRECTIONS
"b'Y1GUo\xedO\xb7\xb6\xd1\xeaA;,@T'",1894234456064,,,131072,SOURCE_WINDOWS_FIVEDIRECTIONS
b'\xf6\x0f_\xc0t\xecA#\xa4\xe7 t\xa4i\x80\x03',1894268874752,,,4096,SOURCE_WINDOWS_FIVEDIRECTIONS
b'%\xd2#\xce0\x8dO2\x9ad\x8ei*d=\xf1',1894268878848,,,4096,SOURCE_WINDOWS_FIVEDIRECTIONS
b'\x95Hg\xed\x89{C>\x8c)\xa6\xbb4\x07\xbbM',612775231488,,,524288,SOURCE_WINDOWS_FIVEDIRECTIONS
"b'\x01\xec>\xf1\xd6\xccD\xae\x94]\xde~\xdf3\xb7,'",612775723008,,,32768,SOURCE_WINDOWS_FIVEDIRECTIONS
b'R\x91bY\x8f\xa3@^\x8ar?\xc7J:\xcd\xbe',612775710720,,,12288,SOURCE_WINDOWS_FIVEDIRECTIONS
b'\x05\xde\xc6\x82\x07\x93DP\x99\x98T\xa76g\x1d\x87',1894268882944,,,4096,SOURCE_WINDOWS_FIVEDIRECTIONS
b'\x96\xb0\xb6\xfa\xa6KGa\xb5\xadM\xc1\xe5{\xe5^',1894268887040,,,4096,SOURCE_WINDOWS_FIVEDIRECTIONS
b'\xa6\xb8I\xf8f#I^\xb8\xf2}A\xfc\x0e\xde\xac',1894268891136,,,8192,SOURCE_WINDOWS_FIVEDIRECTIONS
b'V\xa8{_\xbb\x02Nn\x87e\xe1Q\x0f;\x07.',1894234521600,,,53248,SOURCE_WINDOWS_FIVEDIRECTIONS
b'7e(y\xa9\x7fL\xa8\xb7\x9d\xbfq\x1f\xf8\xc9\x9d',1894268899328,,,4096,SOURCE_WINDOWS_FIVEDIRECTIONS
"b'\xaf#,z\x92\x9eA\xe6\x8c\x98\t;W;\xc6\x1b'",1894268903424,,,4096,SOURCE_WINDOWS_FIVEDIRECTIONS
b'i\xc8\xb9\x9e\xba\x04N[\x80\xa76\xb0J9\xa1\xfe',1894268907520,,,8192,SOURCE_WINDOWS_FIVEDIRECTIONS
"b'N`\x8d\xa4\xa1\x0bJ\xa6\x81\xc9\xb0W,\xf3\xb4\x95'",1894234525696,,,4096,SOURCE_WINDOWS_FIVEDIRECTIONS
b'P\x90\xf2t\xb8gI\xd6\x968\x8cR\x08<\xbc\x93',1894268915712,,,4096,SOURCE_WINDOWS_FIVEDIRECTIONS
b'\x91\xbd\x02{\xa4TL\xc0\xa1\xf3\xa1\x11%0\xc75',1894270763008,,,720896,SOURCE_WINDOWS_FIVEDIRECTIONS
b'I\x8a:\xdb\x98\xf8A\x17\x83\xa3F\xb7\xb9\x12iR',1894271418368,,,8192,SOURCE_WINDOWS_FIVEDIRECTIONS
b'5X[H\xb3KNa\xb0G\xc6\x0c\xeb\xc8\x1d\x03',1894268919808,,,4096,SOURCE_WINDOWS_FIVEDIRECTIONS
b'W0\xf4\x97\x01YIL\x8d\x12v\xfbt4\xb3\xc4',1894268923904,,,4096,SOURCE_WINDOWS_FIVEDIRECTIONS
b'\xdc\xd1@W2\xfbJ\xe3\x8e\xac\x96/^\x13\x93M',1894271426560,,,4096,SOURCE_WINDOWS_FIVEDIRECTIONS
b'\xc8P)\xb9U\xbc@8\xbdD\xe6(\\\x00\x85\x1e',1894271430656,,,8192,SOURCE_WINDOWS_FIVEDIRECTIONS
b'r\x03W\x1c?\x8bI\xa1\x86\xe79\xfe\x8b\xfb\x1a|',1894271438848,,,8192,SOURCE_WINDOWS_FIVEDIRECTIONS
b's\xfc:\xc66PH\x1b\x90\x81\xac\n\x800\x1d=',1894268928000,,,8192,SOURCE_WINDOWS_FIVEDIRECTIONS
b'w\x16\xec\xe4#\xd9N\x1c\x90\n\x12\xbc\xb6r\xacj',1894268936192,,,4096,SOURCE_WINDOWS_FIVEDIRECTIONS
b'\x12P\xf1>\xfb\x8fA\xeb\x83vS\xfd\xd8}\x01\xd0',1894268940288,,,4096,SOURCE_WINDOWS_FIVEDIRECTIONS
b'\t\x9aBC\xb8<J\x8a\x9f\xcd\x17\x8eE\x19lF',1894268944384,,,8192,SOURCE_WINDOWS_FIVEDIRECTIONS
b'\xbf\x92F\xd3\xdf\x90Dv\xac\xee\xa8s/_\xceC',1894268600320,,,4096,SOURCE_WINDOWS_FIVEDIRECTIONS
b'z\xf2\xd5\xea\xc1hGa\x8fS\x9c\x02\x81E\x14\x0c',1894268952576,,,8192,SOURCE_WINDOWS_FIVEDIRECTIONS
b'\xeaKAN\x88\xd0N2\x9d\xbbtS`?\x9bh',1894268960768,,,12288,SOURCE_WINDOWS_FIVEDIRECTIONS
b'(~{\x0f\x99\xe1H\t\x8dL\xad\x07\xb6\xc2\x9c\xb0',1894271447040,,,4096,SOURCE_WINDOWS_FIVEDIRECTIONS
"b'\xeenFm\xd5""Ek\xae\xf3T~\x11\xd4K\xd3'",249647046656,,,12288,SOURCE_WINDOWS_FIVEDIRECTIONS
b'\xb7\xa6\xfa+9pL\xd6\xafu6@\xb0\xce\xe7\xf3',249647042560,,,12288,SOURCE_WINDOWS_FIVEDIRECTIONS
b'\xd3*\x19\xf2<_G5\x8c^\x9d\xb4\xff\xf8\x17\xc4',249647038464,,,12288,SOURCE_WINDOWS_FIVEDIRECTIONS
b'Uq\xa3\x13\xd8\x7fB^\x86\x9c\x079\xcd\xbd\xc6\xa8',612773019648,,,12288,SOURCE_WINDOWS_FIVEDIRECTIONS
b'\xa4\xf3\xd7\x95\x88\xfbH\xcf\xb5\xd4\x0f\xdbw\xf3\xde\x05',612773015552,,,12288,SOURCE_WINDOWS_FIVEDIRECTIONS
b'\rY\xe51%\x8fK\xda\xad\x8f\xb7\x08f\xe9\x13\x1f',612773011456,,,12288,SOURCE_WINDOWS_FIVEDIRECTIONS
b'g\x1c\x18\xa1\xb6\xdbG\x0c\xbf4\xc6\xd4\x0fZ\xc2\r',1894268973056,,,24576,SOURCE_WINDOWS_FIVEDIRECTIONS
b'=\xe1h\x90_\x98I\xe6\xad\xb5L\x8c\xf2-\xba\xcc',612775755776,,,524288,SOURCE_WINDOWS_FIVEDIRECTIONS
b'\xdd\x04\xa8\x91\xee\x11N\xdf\x98a\xb3:.Kc\x88',612776247296,,,32768,SOURCE_WINDOWS_FIVEDIRECTIONS
b'Y\xfd\xf7$\x14\x1bD\xec\x92c\xeb\xa8*\xe0\xab\xf5',612776235008,,,12288,SOURCE_WINDOWS_FIVEDIRECTIONS
b'I\xdcN\xa8\xf5\x0eAn\xa0\xa6\x83\xa8\xd2B\xdaO',1894268997632,,,4096,SOURCE_WINDOWS_FIVEDIRECTIONS
b'w\xe6\xd0\x0e\xbcLEi\xb3E\x8d\xf8\xbc-=/',1894269001728,,,8192,SOURCE_WINDOWS_FIVEDIRECTIONS
b'\x82^\xf9\xad\xc3\x9c@5\xaf\xfeNel\xc9\xaaf',1894269009920,,,4096,SOURCE_WINDOWS_FIVEDIRECTIONS
b'\xd0`5\xc7\xf3AEt\x83e\x92X\xc1\xe6\x8c\x99',1894269014016,,,4096,SOURCE_WINDOWS_FIVEDIRECTIONS
b'\xe4\xc5Brw\xc7L}\xbb\xf5.\xceg \xacT',1894269018112,,,8192,SOURCE_WINDOWS_FIVEDIRECTIONS
b'\xd2jwQ.&D\xeb\xb6!\xedGv\xed\xf1\xab',1894269026304,,,8192,SOURCE_WINDOWS_FIVEDIRECTIONS
"b""\xbf\xa2,\xb3@}C\xfc\x94\xcd\xae\x00\xbc\x04'a""",612773007360,,,12288,SOURCE_WINDOWS_FIVEDIRECTIONS
b'ku\x92lZ4K\xfa\xa1\xf4-\xf1g\x04\x95=',1894271451136,,,8192,SOURCE_WINDOWS_FIVEDIRECTIONS
b'\x16\x9c\xc3=\x82\xa8J\x97\xa7\xa1\xf5\x14\xdc]g\xe0',1894271459328,,,20480,SOURCE_WINDOWS_FIVEDIRECTIONS
b'\xc8\x0c#\x95\xe1\xbbG\xce\x88\xfa\x13\xf4\xb3m\xd1\xf4',1894269034496,,,4096,SOURCE_WINDOWS_FIVEDIRECTIONS
"b""\xc7\x81\x1d\x97\x05\xe3G'\x83\x89\x08n3\x82\xe0\xac""",1894269038592,,,8192,SOURCE_WINDOWS_FIVEDIRECTIONS
b'*\x8f<\x8a\x87\x84H\x05\xa4lj\xd5\x84u%L',612773003264,,,12288,SOURCE_WINDOWS_FIVEDIRECTIONS
b'\x98j\xa7t\xa1\xa2@n\x92\xb8\x1a\xb4v^\xf4\x91',612772999168,,,12288,SOURCE_WINDOWS_FIVEDIRECTIONS
b'\x02\xbd~W\x84\xcfO/\xba\xcf+=\xadQ\xdd`',612772995072,,,12288,SOURCE_WINDOWS_FIVEDIRECTIONS
b'\x91\x94\xac\xbf;\xcbA\x8f\x9d\xc0Hd\xa2y\x8fB',612772990976,,,12288,SOURCE_WINDOWS_FIVEDIRECTIONS
b'\x91\xf2i\xc7e{M\xb8\xb8\x7f:\xe8\x0bU\xb7r',1894269046784,,,4096,SOURCE_WINDOWS_FIVEDIRECTIONS
b'\x9a\xb5%\xees4EG\x9d\x96\x12{H\x16O\x13',612776280064,,,524288,SOURCE_WINDOWS_FIVEDIRECTIONS
b'\x157\x9a\nv\x11J\x17\xaf\x02OH[\xf6\xffi',612776771584,,,32768,SOURCE_WINDOWS_FIVEDIRECTIONS
b'5z3\xf7\xa3\x9cL\n\xb8TT\x8f\x88@\xde\x83',612776759296,,,12288,SOURCE_WINDOWS_FIVEDIRECTIONS
b'\xeb\x13![\xe0gJ!\xbf9Dt\x94\xc8\xc9\x01',612776804352,,,524288,SOURCE_WINDOWS_FIVEDIRECTIONS
b'\xec\x8d\xeb\xfc\xf49Gw\xbe\x85i\x95\x9b\x17\x1aU',612777295872,,,32768,SOURCE_WINDOWS_FIVEDIRECTIONS
b'\xcc@\x02\xcb\xc0\x1bD\x83\x89\xe2\xe2B\xc2\x16P\xff',612777283584,,,12288,SOURCE_WINDOWS_FIVEDIRECTIONS
b'\x8b\x9c\xdc\x7f\xca\x8dM\x98\xbb(\x9cP`\x95\xf3:',1894269050880,,,4096,SOURCE_WINDOWS_FIVEDIRECTIONS
b'\xc7fYI\xf2\xb3E\xa0\x82\xeah\x93\xd4\t\t\x0e',2501813403648,,,131072,SOURCE_WINDOWS_FIVEDIRECTIONS
b'\xbc\x82\x16\x9b\xfc\x03L\xdb\x86T7\x16\xf2U\xc6V',566956654592,,,524288,SOURCE_WINDOWS_FIVEDIRECTIONS
b'\xb5\x14\xbe\x02\xfa6K&\xbbS\x7f\xa8\xb7\xb25.',566957146112,,,32768,SOURCE_WINDOWS_FIVEDIRECTIONS
b'ZZ\xd4xs\x19E\xff\x89)\x17\xddb7\xb9\xdd',566957133824,,,12288,SOURCE_WINDOWS_FIVEDIRECTIONS
b'\xf1\x03\t\x8f0\x96I\x97\x9cYq\xb6\x1c\xe2\xaf\xb0',2501813796864,,,4096,SOURCE_WINDOWS_FIVEDIRECTIONS
b'%\x04#_\x1d\x82@j\x875\xa9T\xd0\xd7\x10\xb8',2499670966272,,,33558528,SOURCE_WINDOWS_FIVEDIRECTIONS
"b""\xe1\x03\\Z\xe0\xfdF\xd8\xaa\xa1T\xa2\xf9'\x11\x84""",2499704520704,,,4096,SOURCE_WINDOWS_FIVEDIRECTIONS
b'Y\xa4\xb5O\x8bVF\xcd\x83d\xb1w\x18\x84\x04\x1e',2501813862400,,,2490368,SOURCE_WINDOWS_FIVEDIRECTIONS
b'\x10K\xf5\x9d\x0e(HD\x8f\xb3.\xe3\xa5\x18\x04\xf1',2501815304192,,,8192,SOURCE_WINDOWS_FIVEDIRECTIONS
b'\x13w\xd9\xa8\xdf+H{\xa6\xbc\x9a\x8by\xbe\xfc\x8a',2501815312384,,,4096,SOURCE_WINDOWS_FIVEDIRECTIONS
b'S\xba\xact\xe6\x1cLX\xb4\x0c\x03\xf1=QN\xee',2501813403648,,,131072,SOURCE_WINDOWS_FIVEDIRECTIONS
b'\tQ\xf7\xabQ\xeaF\x8d\xa1\xb5\xddDbnu\xc1',2501815316480,,,4096,SOURCE_WINDOWS_FIVEDIRECTIONS
b'\xc5\xe5\xb5\xcbY(A\x06\x9d\xaf\xfeu\xc6\xdf\xdb\xe1',2501815320576,,,4096,SOURCE_WINDOWS_FIVEDIRECTIONS
b'REdi\xeb<H\x94\x8c\x87g\x05\xba\xf0\xe4\xfd',566957178880,,,524288,SOURCE_WINDOWS_FIVEDIRECTIONS
b'\xd4\x84\xf2\x82\xe2\xd4Nu\xaf\xf6\xe1\xa4\xbd\xc9H\x05',566957670400,,,32768,SOURCE_WINDOWS_FIVEDIRECTIONS
b'\x1cHudw\xf5G`\x8a\xef\xf4\xf6*+\x12d',566957658112,,,12288,SOURCE_WINDOWS_FIVEDIRECTIONS
"b'\xf22\x00\x91\xe0\xe7G\xc1\x9f\xc9\xc7\xe7\x96\\""('",2501815324672,,,4096,SOURCE_WINDOWS_FIVEDIRECTIONS
b'\x0f\xc4\xae\xe2z\xfeCG\x86\x1c\xfcm\xf2c\xed<',2501815328768,,,4096,SOURCE_WINDOWS_FIVEDIRECTIONS
b'Z\xde\x94\xab7PB9\x8f\x10\x1eU[\xd0\xf2\xeb',2501815332864,,,8192,SOURCE_WINDOWS_FIVEDIRECTIONS
b'+B\xfa\xf5\xc1\xbaN\xda\x84`\x92Cb-\xcd\x01',2501813469184,,,53248,SOURCE_WINDOWS_FIVEDIRECTIONS
b'Q\x1d\xc5\x1b\xca6Gn\xbe\x7fyO x\xfdk',2501815341056,,,4096,SOURCE_WINDOWS_FIVEDIRECTIONS
b'%\xf6\x0c\x93\xa7\x88IW\x98\xfc\xc5e(\x10~\xd1',2501815345152,,,4096,SOURCE_WINDOWS_FIVEDIRECTIONS
b'\xc4\xb8_\xfe\\\xbaGa\x8d\xb9\r\xbd\x96goW',2501816352768,,,720896,SOURCE_WINDOWS_FIVEDIRECTIONS
b'\xfd\xb2i\x05\xe0\xc0@\xce\x8a\xe8\xec\x895J\xffs',2501817008128,,,8192,SOURCE_WINDOWS_FIVEDIRECTIONS
b'8\x03x\xec\x1fvKh\x89\xad\x84~\xdb>\xe1\xc0',2501815349248,,,4096,SOURCE_WINDOWS_FIVEDIRECTIONS
b'\t!\xb1K\x9bTGp\x99b\xb7h8\xe0\x85w',2501815353344,,,4096,SOURCE_WINDOWS_FIVEDIRECTIONS
"b""F\x03\xbcF\xfb[H\xb3\xaf'\x1e\xabQ\xa7\xc8\xd0""",2501817016320,,,4096,SOURCE_WINDOWS_FIVEDIRECTIONS
b'e\xe9[\xf10\xb5H/\x9e!#\x0e\xd3\xf0&\x89',2501817020416,,,8192,SOURCE_WINDOWS_FIVEDIRECTIONS
"b""\x9d\xea\xbaw&\x82F\xab\xa26Ef\x8b@'\xca""",2501817028608,,,8192,SOURCE_WINDOWS_FIVEDIRECTIONS
b'H\x15\xeba\xbb\xceL\xe5\xbb8\xeeV\xeb\xdb\xda\xfa',2501814714368,,,53248,SOURCE_WINDOWS_FIVEDIRECTIONS
"b""\xf0F}\x01(NMk\xab'5Y\xa8z\xcc\x13""",2501815357440,,,8192,SOURCE_WINDOWS_FIVEDIRECTIONS
b'\xe0pO\xb3l-L\x1f\x84q\x18yY\x0b\xf6%',2501815365632,,,4096,SOURCE_WINDOWS_FIVEDIRECTIONS
b'\x9a\xb5\xee\x073\x84N\x08\xbe\xefoJ\xfe\x7f}\xc7',2501813473280,,,4096,SOURCE_WINDOWS_FIVEDIRECTIONS
"b""y\xd9'w\xac\x97A\x7f\x8b\x84\x14\xc84\xa6\xe2\xa1""",2501815369728,,,4096,SOURCE_WINDOWS_FIVEDIRECTIONS
b'\x9c\xa5\x0f\xd8\x84\xfcL\x89\xae\x96\xca\xa8\x87-\xc8l',2501815373824,,,8192,SOURCE_WINDOWS_FIVEDIRECTIONS
b'\xd6\x90z\xd72\xa3B\xb8\xaa\xf4\x7f5\x83MeL',2501815382016,,,8192,SOURCE_WINDOWS_FIVEDIRECTIONS
b'N\xa8\\\xfb\xf2\xd0Os\x8dr\xe1\xa0\x92\xa6j\xc4',2501814779904,,,4096,SOURCE_WINDOWS_FIVEDIRECTIONS
b'\xa5L)\x05\x1e\xa8A\xf1\xa3\xeb\x9c\x1cX\x92/k',2501815390208,,,4096,SOURCE_WINDOWS_FIVEDIRECTIONS
"b'\xfd\xcc\x1e\xaf\xaa\x82E\xaf\x80\x1e""\xd3\x82\x8cr9'",2501815394304,,,24576,SOURCE_WINDOWS_FIVEDIRECTIONS
b'\xeb\xa3\x97J0\xc4DI\xb7M\x01a\x84T\xf3w',2501815418880,,,8192,SOURCE_WINDOWS_FIVEDIRECTIONS
"b'w""\x7f\xdd\xf7\xc6M[\x96\x99\xd3\x98\xa0\xfe<\x10'",2501815427072,,,4096,SOURCE_WINDOWS_FIVEDIRECTIONS
b'\xf1\xbf\xa00\x88\tHa\xadK\x18T\xfbW\xd8^',2501815431168,,,8192,SOURCE_WINDOWS_FIVEDIRECTIONS
b'\xb1\xa4\x13\to\xe9N\x8b\x8d\r\x85F$29\x15',566957703168,,,524288,SOURCE_WINDOWS_FIVEDIRECTIONS
"b""\xce\x9f\xa6`\x1d|M'\xab\xf0\xb3\x05G\xca~*""",566958194688,,,32768,SOURCE_WINDOWS_FIVEDIRECTIONS
b'%\xf2\xd2yX\xd4L\xaa\xab\xed)\t\x08+0\x83',566958182400,,,12288,SOURCE_WINDOWS_FIVEDIRECTIONS
b'\xd5t\xd2\x18OUE\xea\xbcs\x00\xe9d\x06\xf13',2501815439360,,,4096,SOURCE_WINDOWS_FIVEDIRECTIONS
b'\xd5\n\x13\xa0\x0b\xfbD\xc4\x98\x8a\xd2b\x88\x89\x82\xf6',2501815443456,,,8192,SOURCE_WINDOWS_FIVEDIRECTIONS
b'\xb9h\x9a\x0b\xc2\x16E[\xb1|\xf8\xd3Kj(b',2501815451648,,,8192,SOURCE_WINDOWS_FIVEDIRECTIONS
"b'\xe4\x9e\x9e\xf2_\xf0Le\x9a,T%\xffq\x9f\x80'",2501817036800,,,8192,SOURCE_WINDOWS_FIVEDIRECTIONS
b'\x90\x0b\xfb\xfa\xe11A1\xbb\x8d\xab\x1b\xcf\x16\xc3\x1c',2501817044992,,,24576,SOURCE_WINDOWS_FIVEDIRECTIONS
b'\xf7-D#u\x14J\xe9\x95\xcf8\xd4\n\xd2\x89`',2499708583936,,,65536,SOURCE_WINDOWS_FIVEDIRECTIONS
b'\x0c\xed~\xc2\x0b\xe0D\xf9\x9f\x07n\xe2?\x14\xd7\x04',2501815459840,,,4096,SOURCE_WINDOWS_FIVEDIRECTIONS
b'\x00V\xfb\x03=\xaaCH\x94`\xa6\x9aB\xbe\x806',2501815463936,,,4096,SOURCE_WINDOWS_FIVEDIRECTIONS
"b""@?\xc9\x1e'\xc6H&\xber\x16\xf3B\xef\xb9\xa0""",2501815468032,,,8192,SOURCE_WINDOWS_FIVEDIRECTIONS
b'_1\x817\x05\xc4J\xbc\xad\xf4\x8f[FRg;',2501815476224,,,8192,SOURCE_WINDOWS_FIVEDIRECTIONS
b'\x98o\xdf\xc5z\xcfN?\xa3M\xe6\xa8\t\xc7\xe4?',2501815484416,,,4096,SOURCE_WINDOWS_FIVEDIRECTIONS
b'_\xdd\xaa\xf4P\xdc@\xd9\x81c\xd9\x82\x87\xbe\x06\xd1',566958227456,,,524288,SOURCE_WINDOWS_FIVEDIRECTIONS
b'Lu\xe3\xccLYLt\xa5K\xd3\xd5\xf7\x89\xa4\xc8',566958718976,,,32768,SOURCE_WINDOWS_FIVEDIRECTIONS
b'\xf3\x9a;G\x12\x13I\xf4\xbeY\xf6\x8c\x91\xf2\xb2\x9e',566958706688,,,12288,SOURCE_WINDOWS_FIVEDIRECTIONS
"b'""\xd0p\x1a\xfe\xf9Fs\x99Y\xfbS\xa0\xd8L\xc1'",2501815488512,,,4096,SOURCE_WINDOWS_FIVEDIRECTIONS
b'&\x1b\xa3kBVD}\x88WEoZx[Q',2501815492608,,,8192,SOURCE_WINDOWS_FIVEDIRECTIONS
b'\x91${\xc7\xdc\x9dB]\x97R\xd5\xcc\xcaY\x11B',566958751744,,,524288,SOURCE_WINDOWS_FIVEDIRECTIONS
"b""qC)|\xd0\x80LK\x97P'\xd6\xf1\x82,|""",566959243264,,,32768,SOURCE_WINDOWS_FIVEDIRECTIONS
b'r\xc4\xb2\xd6\xb4\xf8F\xfc\x9a\x02\x7f\x18`\x01\xc4\xa2',566959230976,,,12288,SOURCE_WINDOWS_FIVEDIRECTIONS
b'\xdc\x8aTn\xd9\xe2E0\x93\x9c\xa6\xa7\xe3R\xa2\xcc',566959276032,,,524288,SOURCE_WINDOWS_FIVEDIRECTIONS
b'-3\xf1R\xae\xafH\x84\xbc\x90gj%\x0eR\xc0',566959767552,,,32768,SOURCE_WINDOWS_FIVEDIRECTIONS
b'\xd1\xda!7\xb6LO\xcb\xb4\xe7\xe8\n\xa3\x93$\xb8',566959755264,,,12288,SOURCE_WINDOWS_FIVEDIRECTIONS
b'\xd0\x8d\x15\x06\xfe\xdfO\x85\xb9\x12\x91\xf6s\x93+\xd3',2499708649472,,,1048576,SOURCE_WINDOWS_FIVEDIRECTIONS
b'\xbf+\x95\xa5\xbd\xe8L\x9b\xa1\x95\xe9\x94\xf8\xb1^\x96',2501815500800,,,8192,SOURCE_WINDOWS_FIVEDIRECTIONS
b'd>O\x9e\x98\x01E9\xb9\xfe\xa4\xff\x91\xfc\x87\x0c',2501815508992,,,4096,SOURCE_WINDOWS_FIVEDIRECTIONS
b'\xbe(\xf1\xfc\x8bBJf\xb3\n\xe4\x02)\xe9\x9b\xe0',1894279479296,,,1048576,SOURCE_WINDOWS_FIVEDIRECTIONS
b'\x015\x057LmIW\xaa\x7f\xb3\x86\x94f7l',1894269054976,,,12288,SOURCE_WINDOWS_FIVEDIRECTIONS
b'\xcbWY\x85\x11\xffD.\xa8\xe9\xb1\x0c\x02\xa1C\x99',1894269067264,,,4096,SOURCE_WINDOWS_FIVEDIRECTIONS
b'3+\xa1jB8C\xc1\xa4\xfe[o&\xdf\t<',1894269071360,,,8192,SOURCE_WINDOWS_FIVEDIRECTIONS
b'\xe9W\x95!\xaf@E\xa1\x84\x8d\x03\x95I\x1af3',1894269079552,,,8192,SOURCE_WINDOWS_FIVEDIRECTIONS
b'\xca\xd9X\x01\x92\x0fC\x9e\x91\x1dQW\xc1\x85\x1d\xe8',612777279488,,,12288,SOURCE_WINDOWS_FIVEDIRECTIONS
b'\xfa\xca\x00(\xb78O\xb3\xb0\xac\xef\x87|m\xb2\xca',612777328640,,,524288,SOURCE_WINDOWS_FIVEDIRECTIONS
b'T=k\x0fH\xc2H\xfb\xbf\xc6\xcb\x80^m\xf1]',612777820160,,,32768,SOURCE_WINDOWS_FIVEDIRECTIONS
b'\xd2\xbdD6\x99CB]\xa1sj\xae\x98\xb4C\xd6',612777807872,,,12288,SOURCE_WINDOWS_FIVEDIRECTIONS
b'vU@\x81\x94`K\x14\x81\x01\x1eQ-\xa2\xad\xc0',1894269087744,,,4096,SOURCE_WINDOWS_FIVEDIRECTIONS
b'\x9b\xec\xed)\x8f\x98Fj\x8aNZ\x8bU\xa8}P',612777852928,,,524288,SOURCE_WINDOWS_FIVEDIRECTIONS
b'6X&c}lH`\x8cj\xc6\x19\xc3\xa7\xf7\x97',612778344448,,,32768,SOURCE_WINDOWS_FIVEDIRECTIONS
b'\xee\x17S\xc6\xadxD\xd0\xac\xdfM\xb6?U@2',612778332160,,,12288,SOURCE_WINDOWS_FIVEDIRECTIONS
b'Gm\xb8\x0f\t\xc3G\x0e\xa1\x8e\x0c/\xd6\xc6\x05^',1894269091840,,,8192,SOURCE_WINDOWS_FIVEDIRECTIONS
b'\xaa\x86f]N\x7fI\x84\x8f\xaa\xab\x81\xef\xf4\xc9\x8a',612778377216,,,524288,SOURCE_WINDOWS_FIVEDIRECTIONS
b'\xf2n\xea\xe6\xce\xe0DO\x90\xd4\x10r\x9f\x82X}',612778868736,,,32768,SOURCE_WINDOWS_FIVEDIRECTIONS
b'\xc1\x15#\xa9\xf9\x9bKx\x8e\xfd\xf3\xeb\x9b\xe8\x97\xb1',612778856448,,,12288,SOURCE_WINDOWS_FIVEDIRECTIONS
"b'\x0b\x90\xd9\xbbrRO""\x82\xf0`+b\xec\xa71'",1894269100032,,,4096,SOURCE_WINDOWS_FIVEDIRECTIONS
"b'\x05\x8ahO=\x16Nw\xbc}\xe3\xe3\xa8\\""\xb0'",1894269104128,,,12288,SOURCE_WINDOWS_FIVEDIRECTIONS
b'S\x93\x82!\xfe\xeaF\xb0\x9b\xaf\xe1\xe3/&\x1f@',2501815513088,,,4096,SOURCE_WINDOWS_FIVEDIRECTIONS
b'\xfb\xdc\x1e[b\x07K\xc0\x9dF\xe9\x8c\xe9\x0f\x9a\xdf',1894269116416,,,4096,SOURCE_WINDOWS_FIVEDIRECTIONS
b'\xb6#/\x0cl\x7fC\xc2\xaec\xb1wo\xf6\xb2w',1894269120512,,,4096,SOURCE_WINDOWS_FIVEDIRECTIONS
b'O0\xff\xee\xf0\x1bB\x7f\x8b\xb4\x17\x0c\xf6\x83i\\',2501815517184,,,8192,SOURCE_WINDOWS_FIVEDIRECTIONS
b'\xda\xfb\x0e\xc7\xbf\x03A\x9b\xb8\xb3\xd3q\xee\x88\xf5\xd2',566959800320,,,524288,SOURCE_WINDOWS_FIVEDIRECTIONS
b'.+\x11\xc3\x06\xaeKS\xb2\xa7\xe6!&\x9c*\xe1',566960291840,,,32768,SOURCE_WINDOWS_FIVEDIRECTIONS
b'\x19tK\xb2\x9a\x03@\x10\xab\xadf\x19@\x98\x96\xf7',566960279552,,,12288,SOURCE_WINDOWS_FIVEDIRECTIONS
b'PS\xa7\\[\x7f@~\x9dzCPD\xf9\xb6\xdd',1894269124608,,,12288,SOURCE_WINDOWS_FIVEDIRECTIONS
b'\xbbdmi8rOc\x88\x84\x8c\xff\x82\xd1\xff#',1894269136896,,,8192,SOURCE_WINDOWS_FIVEDIRECTIONS
b'C\x19!1\xf9\xabEj\xa4\xd0m\x86\x884y\x05',2501815525376,,,8192,SOURCE_WINDOWS_FIVEDIRECTIONS
b'\xe6\x98S1\x18*E\xb9\xb1u\xe0\xcf\x8f \xc20',2501815533568,,,4096,SOURCE_WINDOWS_FIVEDIRECTIONS
b'\x0e\xd2o\x98@\xbeH\x1f\x8c\xb1}\x12\xd1@\x1e\x05',2501815537664,,,8192,SOURCE_WINDOWS_FIVEDIRECTIONS
b' \xa6\xf5\xea\xc0V@\xff\xae\x04\xb8\x1b:\xbf\xbe\xd6',2501815545856,,,8192,SOURCE_WINDOWS_FIVEDIRECTIONS
"b""'\x0eZ\xc0q\xf3H{\x8a\xe0\xe7.\xf1\x15\xbd\x81""",2501815554048,,,4096,SOURCE_WINDOWS_FIVEDIRECTIONS
b'\xef\xd9\xdb\xebE3D\xf0\xb2\xc2\xc3\xd4\xcf\n~\xfd',2501815558144,,,4096,SOURCE_WINDOWS_FIVEDIRECTIONS
"b'\x13\x0f\xdf\x86\x87""J\x93\xb4\x1b\xe7\x02\x18\xac\xd3\x9c'",2501815562240,,,8192,SOURCE_WINDOWS_FIVEDIRECTIONS
b'c\xfc\x0e\x04\t:M\xe4\xaeo-\x92/`R\xe5',2501815570432,,,12288,SOURCE_WINDOWS_FIVEDIRECTIONS
b'\xa5\xb4\x81\x05\x08\xf8M\xb4\xa1A\xfed \xfbou',2501815582720,,,16384,SOURCE_WINDOWS_FIVEDIRECTIONS
b'\x9c\x19y\xe9\xfaoK\x05\x96=e\xd7\x9b*r\x98',2501815599104,,,4096,SOURCE_WINDOWS_FIVEDIRECTIONS
b'E>+\xdd\xcc\xb3@6\xb2\xae\xd8\x1b?kp\xc4',2501815603200,,,4096,SOURCE_WINDOWS_FIVEDIRECTIONS
"b""\xd9\xb2i)YmM\xe9\x80\xa8\xda\x9b%\x1f\xe5'""",2501815607296,,,4096,SOURCE_WINDOWS_FIVEDIRECTIONS
b'\xcdzj_\x87\xd7N\xb7\x9a&G\x80\x00\x90\xc6\x93',2501815611392,,,12288,SOURCE_WINDOWS_FIVEDIRECTIONS
"b""\x89'V\xe7T\xddN\x9f\xa4\xe2\xa1\x12\xbf\xd6\x86\x15""",2501815623680,,,4096,SOURCE_WINDOWS_FIVEDIRECTIONS
b'\xb8D\xaaoV`Bt\x93\x19H\xf2\x93\xbf\x17E',2501815627776,,,20480,SOURCE_WINDOWS_FIVEDIRECTIONS
b'\xadB=\x8a#\x97GC\xad\xb2\xde\xdf\x82\xe6\xaf\xcf',2501815648256,,,8192,SOURCE_WINDOWS_FIVEDIRECTIONS
b'\xd2\xf3e\x9f\xb8nC\x96\x96\xe51E\xe3\xe5Q\xfa',2501815656448,,,8192,SOURCE_WINDOWS_FIVEDIRECTIONS
b'}\x04-\x04\xb7\tE\x96\x89N\xce\xc2\xed\xdd\xc5&',2501815664640,,,8192,SOURCE_WINDOWS_FIVEDIRECTIONS
b'\x8alwl@\xcdL\x91\xa1\x8cF!\xc6{\x90\x16',2501815672832,,,12288,SOURCE_WINDOWS_FIVEDIRECTIONS
b'\xbddZ\xfb\xfe\x8cO\xdd\xb6HP\xa4K\x9b\x18\x8e',2501815685120,,,8192,SOURCE_WINDOWS_FIVEDIRECTIONS
b'\xf7*\x1e\x06\x14\xbaN\xad\x92\x06\xcfg\xad3\xd9\x1f',2501815693312,,,4096,SOURCE_WINDOWS_FIVEDIRECTIONS
b'ewJ\r\xf0\xf7G\xd8\xbe\x01\\\\H\x00p\r',2501815697408,,,8192,SOURCE_WINDOWS_FIVEDIRECTIONS
b'\xdcV\xbe\x8b\xa3oD\x0c\x8b\xe1)\xe3\xc1p\x19\xf3',2501815566336,,,8192,SOURCE_WINDOWS_FIVEDIRECTIONS
b'^\xeb\x8f\x81\x8a\x13L%\x87C\x04\xee\xbdwjd',2501815595008,,,4096,SOURCE_WINDOWS_FIVEDIRECTIONS
b'\t\xef\xf7\xa9\xbf\x02N\xd4\xaa\x89\xeb$\x87{\xc9\xc5',2501815652352,,,4096,SOURCE_WINDOWS_FIVEDIRECTIONS
b'&\xf6\x1e\xef\xb9\xd7E\x12\x8f+\xa8C\x11{\xb1z',2501815705600,,,8192,SOURCE_WINDOWS_FIVEDIRECTIONS
b')|f/&\xa7MN\x91\xcb\x01I 0\x0e\xf9',2501815713792,,,8192,SOURCE_WINDOWS_FIVEDIRECTIONS
b'P\xc0\xa1\x96W\x94N\x14\xb8\x12\x17\xd2G\xd9\x85\x83',2501815721984,,,8192,SOURCE_WINDOWS_FIVEDIRECTIONS
"b""\xa0\xfb\x1c\xad~.A\x00\xb1\xd3'i\xc0\x9e\t\x91""",2501815730176,,,8192,SOURCE_WINDOWS_FIVEDIRECTIONS
b';\xf2`!\xc6\x16Ki\x91V\xb4\x12\x8a\xd1\x84\x13',2501815738368,,,20480,SOURCE_WINDOWS_FIVEDIRECTIONS
b'+\x0e\xfe\xdd\x03=F\xc2\x9c\xeb\xa5 \x98Q\xb2\xf2',2501815578624,,,8192,SOURCE_WINDOWS_FIVEDIRECTIONS
b'*\xa6[\x00!`N\n\x80\xd5P\x0c\xb7\x01`\x8f',2501815758848,,,20480,SOURCE_WINDOWS_FIVEDIRECTIONS
"b'""\x03\xd0\xf9fxJ\xa8\x8e=\xbeq\xebrt\x9a'",2501815779328,,,20480,SOURCE_WINDOWS_FIVEDIRECTIONS
b'\x9fU\x16\xa8\xdd2K\x0c\x9aZ\xa5W\xf3//e',2501815771136,,,20480,SOURCE_WINDOWS_FIVEDIRECTIONS
b'C\xd7\x13\xc5\xe4qK\xad\x97\xf9[\x0c\xff1o\x98',2501815742464,,,8192,SOURCE_WINDOWS_FIVEDIRECTIONS
b'\x97\xc5\xd5\x115\x86F\xc8\x8d\xc2\ra=]?\xf1',612777275392,,,12288,SOURCE_WINDOWS_FIVEDIRECTIONS
b'Q\xb8\x04sO\nMJ\xb4\xf6\xa0\xee\x19\x13\xe9\x7f',1894269145088,,,110592,SOURCE_WINDOWS_FIVEDIRECTIONS
b'T\x88\xea \xa4%L\x9d\x82\xbe?\xcd\xf5\xbd\x18-',1894269255680,,,4096,SOURCE_WINDOWS_FIVEDIRECTIONS
b'\xda\x95\xff\xc1\x05\x86J\xef\xbd\xeb\x00\xb3\x95Q\x9b`',612777271296,,,12288,SOURCE_WINDOWS_FIVEDIRECTIONS
"b'(\x81\xf7F $D;\x8bnr\xde\xbb""\x1e\x81'",612777267200,,,12288,SOURCE_WINDOWS_FIVEDIRECTIONS
b'\x06\xaeI+QqK\x88\xa9\x9a\x80\xac\xa6\xc8V\xc6',612777263104,,,12288,SOURCE_WINDOWS_FIVEDIRECTIONS
b'm\x17\x1eP\x88\xc8K\xda\xa8pU\xc2K\xae\xfb\x1d',1894269259776,,,8192,SOURCE_WINDOWS_FIVEDIRECTIONS
b'\x13\x1e\xda\xaa\xf8:K\x02\x94qx5\xcdf\xef\xdc',1894269267968,,,8192,SOURCE_WINDOWS_FIVEDIRECTIONS
b'\xce~ \xf5\xc1\xafN\x8f\x8e\xbc\xd9\xdf\x88\x0e3z',1894269276160,,,8192,SOURCE_WINDOWS_FIVEDIRECTIONS
b'Q\xae\xec1\xbf\xf4J\xa3\xb7X-2\xc3\xa4\x8a\x1e',612778901504,,,524288,SOURCE_WINDOWS_FIVEDIRECTIONS
b'\xb2X\xce\xac\xb7\x91L\x14\x9a\xe88s^~h\xf0',612779393024,,,32768,SOURCE_WINDOWS_FIVEDIRECTIONS
b'\xb0\x8eg\xfe\xe4NI\xb9\xb0\xce2L\xe1\x98R\xd1',612779380736,,,12288,SOURCE_WINDOWS_FIVEDIRECTIONS
b'\xd8\xfb\xa7\xf14\xb8H\x88\xbf\xc0\xe1F\xe9\xf9\x81\x18',1894269284352,,,4096,SOURCE_WINDOWS_FIVEDIRECTIONS
b'X\x9a\x94\x9e\x1f_G\x14\xa13>\xf5\xe8[4\xdc',1894269288448,,,4096,SOURCE_WINDOWS_FIVEDIRECTIONS
b'-\x1ezn_\x1fL\x02\xb7\xa7\xaa\x06JC\x0fz',1894269292544,,,12288,SOURCE_WINDOWS_FIVEDIRECTIONS
b'\xbf\xaa\x7fR\xeeRA\xa8\x99\xd3j\xb9|d(\xd7',1894269304832,,,8192,SOURCE_WINDOWS_FIVEDIRECTIONS
b'g\xa9\xb1\r\xe0>K\xdf\x8c\xe3\x96\xd2\x8fXyQ',1894269313024,,,8192,SOURCE_WINDOWS_FIVEDIRECTIONS
b'\xc2]\xce.7UE\x14\xad\xd3\xf3\x96\xd8\x90\x826',1894269321216,,,4096,SOURCE_WINDOWS_FIVEDIRECTIONS
b'<\xcc\xe0\xe0\xbf\xd4F\xe6\xa3\xef\x1f\x87vjE\x8d',1894269325312,,,12288,SOURCE_WINDOWS_FIVEDIRECTIONS
b'!\xd3P_?HGK\x9d\x97\x1d\xa6\\E\x9f@',1894269337600,,,20480,SOURCE_WINDOWS_FIVEDIRECTIONS
b'\xa8\x03U\x11\xc9\x82OW\xb4\xb0\x05\x84\x90\xeb2\x89',612779425792,,,524288,SOURCE_WINDOWS_FIVEDIRECTIONS
b';\xfb\xf6\xef\xf9\xe6D{\x9d*\x14\xba\xd4S\x00\xf3',612779917312,,,32768,SOURCE_WINDOWS_FIVEDIRECTIONS
b'\xfb\x1a\xc4f\xf2|J\xec\x95\xdfr\xbd{?\xa2\xf8',612779905024,,,12288,SOURCE_WINDOWS_FIVEDIRECTIONS
b't }\x0c\noGx\x82\xddr.>b\xc2\xef',1894269358080,,,4096,SOURCE_WINDOWS_FIVEDIRECTIONS
b'+/\x87[q\xaaOn\xa4\x15n\x9b\x18\x92W4',1894269362176,,,4096,SOURCE_WINDOWS_FIVEDIRECTIONS
b';\xef5DF\xfeB\xf4\xa8\xa3\x10=eEI\x82',1894269366272,,,4096,SOURCE_WINDOWS_FIVEDIRECTIONS
b'\xb0\xa91\x8f\x07\xecI\x88\x9c\xd6\x8c8\xc6t\xdam',1894281510912,,,1048576,SOURCE_WINDOWS_FIVEDIRECTIONS
"b""'x\xfe\x8b\xf4TO\x0f\xa43\x15\xd4\x8d7\x10m""",1894269370368,,,12288,SOURCE_WINDOWS_FIVEDIRECTIONS
b'\x94\x9e*\xa81$C\xfe\xa7\x1dZ\x90\xc7\n\xb47',1894269382656,,,4096,SOURCE_WINDOWS_FIVEDIRECTIONS
b'\x85\xdb\xa4+|\xadJ\x04\x99\xc6\x8c\x12\xb4\xed\xd4\xb8',1894269386752,,,4096,SOURCE_WINDOWS_FIVEDIRECTIONS
b'\x13\xce\xf4n*\xcfI\xf5\xaf\x82GH\xc9\x8aU5',1894269390848,,,4096,SOURCE_WINDOWS_FIVEDIRECTIONS
"b""7\x0e\xdfJ[\xc2A\x02\x84'r\x8c\xfa\xfa\x10\xe8""",1894269394944,,,12288,SOURCE_WINDOWS_FIVEDIRECTIONS
b'\xd8!\xf3h\x99\xe6N\xeb\x8b\x89\xe1e\xad\x08!\x8d',1894269407232,,,20480,SOURCE_WINDOWS_FIVEDIRECTIONS
b'4D\xb9i\xf9\xd7@-\xb1\x80) \x02\xb2\x16\xd1',2499713105920,,,4096,SOURCE_WINDOWS_FIVEDIRECTIONS
b'\xb2o\xf3\xc5>AJ\xdf\xae4?\x08(\xb5\xa0[',2501815799808,,,20480,SOURCE_WINDOWS_FIVEDIRECTIONS
b'\xff\xff\x03FojBB\x9d\x93\xda&n\x1b\x88\x91',2501815820288,,,12288,SOURCE_WINDOWS_FIVEDIRECTIONS
b'\xa0j\x0e\x92\xf5\x92M8\x84\x148\xbdB\xf8\xb1\x10',2501815832576,,,12288,SOURCE_WINDOWS_FIVEDIRECTIONS
b'V\xfa\xcc\xc7\xfd\xb1B\xe8\xae\x16f\\{\xe1\x17B',2501815844864,,,28672,SOURCE_WINDOWS_FIVEDIRECTIONS
b'\xe8\x98\xea\x1e\x05~@\xdf\x8du\xce\xd6\x96\x17\xb3\x83',2501815873536,,,81920,SOURCE_WINDOWS_FIVEDIRECTIONS
b'|\xa9\xe4q\xc0\xddDc\xb9\xc0n 1\x80\xaa\x95',2501815836672,,,114688,SOURCE_WINDOWS_FIVEDIRECTIONS
b'i:\xd9\xae\x9c\x84G\x95\xb0q\x07\x9f\x9eh\x90\x94',2499731914752,,,4096,SOURCE_WINDOWS_FIVEDIRECTIONS
b'\xc0X\xd7\xf8\xb6\xb6L#\x81\x98\x8d\xce\xba\xf7A\xe8',2501815955456,,,200704,SOURCE_WINDOWS_FIVEDIRECTIONS
b'\x93iF\x18ZHI\x05\x8b^\x9b\x14\xc2\xda\xba\x1a',1894269427712,,,8192,SOURCE_WINDOWS_FIVEDIRECTIONS
b'\x9d\n4\x13\xd5{M\xdc\xbf\nC)\xa1\xb0Y\xdd',1894269435904,,,8192,SOURCE_WINDOWS_FIVEDIRECTIONS
b'\xfc\nG\x02\x92\xecL\x9c\xbb\xa9\xdaO\xc4W\xc3\xb6',1894269444096,,,200704,SOURCE_WINDOWS_FIVEDIRECTIONS
b'\xcd\xda\xe2$\xf8\xf9C\x83\x95u\xb8TJ\xbc\xcbT',2501816156160,,,110592,SOURCE_WINDOWS_FIVEDIRECTIONS
"b'\xd3\x83\xf3[\xe94J\x16\xaa\x94s\x15""\xbc\xae\x9c'",2499731980288,,,1048576,SOURCE_WINDOWS_FIVEDIRECTIONS
b'\x06\xe3\xdf*\xde\x1cFM\x87>e/{\xb1\t\xcb',2499731984384,,,131072,SOURCE_WINDOWS_FIVEDIRECTIONS
b'*\xe9\xc4\x08\xf9\xd4E\r\x90`\xde;\x9d2\xe6:',2501816164352,,,98304,SOURCE_WINDOWS_FIVEDIRECTIONS
"b""'\x95\x18(\xfd{K\xed\xb5\x1a\x9b\xf98\x14\x0e.""",2501816057856,,,204800,SOURCE_WINDOWS_FIVEDIRECTIONS
"b'\xf4VR\t\xe0""L\xdb\xbd\x06^\x12\xbcp@d'",1894269440000,,,200704,SOURCE_WINDOWS_FIVEDIRECTIONS
b'^%\xb4\x04\xfb(Iv\x8e\x8f/\xb8\xf6\xd4\x0c\xc5',1894269140992,,,102400,SOURCE_WINDOWS_FIVEDIRECTIONS
b'dZ\xcdN\xd3UK6\x9c\xe0\xa40\x132\x87\xad',612779950080,,,524288,SOURCE_WINDOWS_FIVEDIRECTIONS
b'4\x98\xd6Y!|N@\x96k\xd1\xdd\x97\x8b\x86\xf1',612780441600,,,32768,SOURCE_WINDOWS_FIVEDIRECTIONS
b'q\x07Od\xe2@A\x86\xb2\xe5\x8c\x0f\x03\xfdj~',612780429312,,,12288,SOURCE_WINDOWS_FIVEDIRECTIONS
b'\xaf6\xbf\xb7yHF*\x88b\xfd\x99\xb2\xcf\x8a\xe8',32085377024,,,262144,SOURCE_WINDOWS_FIVEDIRECTIONS
b'\\\xef\xf7\x87\x1a\x87D>\x81lti\xf2\r\xd9\x9b',32085606400,,,32768,SOURCE_WINDOWS_FIVEDIRECTIONS
"b""\xb1+\xdf/\xf4\x82Ec\xbb.\xf1oc9\xfb'""",32085594112,,,12288,SOURCE_WINDOWS_FIVEDIRECTIONS
b'\xa9\n\x08J*=D\xa5\x9e\xfd\x91fUUt\xb4',519227572224,,,1048576,SOURCE_WINDOWS_FIVEDIRECTIONS
b'\x96>9\x1b\x996O\x1f\xa8gc\xc5\xcb\n\xf9\x96',519228588032,,,32768,SOURCE_WINDOWS_FIVEDIRECTIONS
"b'\x8arY$1`O\xac\x85\x02l\xfe\x81""\xc6>'",519228575744,,,12288,SOURCE_WINDOWS_FIVEDIRECTIONS
"b'\x07\'\x04\xc0\x13\xb8C\xbe\xb0\xe8[\x89""!\xd8\x96'",519228620800,,,1048576,SOURCE_WINDOWS_FIVEDIRECTIONS
b'\xb5L(\t)\\K\xb8\x86\xcbUD9~\x03\x16',519229636608,,,32768,SOURCE_WINDOWS_FIVEDIRECTIONS
b'R\x8dFF\xda9M\xb4\xb5\xf1\xd4\x8d\xc2\x99L\xfe',519229624320,,,12288,SOURCE_WINDOWS_FIVEDIRECTIONS
b'\xf2\xe6I\x8a7\x00N\xec\xb8KHKgq\xef\x97',519229669376,,,1048576,SOURCE_WINDOWS_FIVEDIRECTIONS
b'\x90\x96w\x0f\xf7\xafO\n\xb4Y\xe5D\x17\xf90L',519230685184,,,32768,SOURCE_WINDOWS_FIVEDIRECTIONS
b'\xde\xe8$\xb6\xc4\xc1G\xbd\x84r\xe4(m\xc3\xd64',519230672896,,,12288,SOURCE_WINDOWS_FIVEDIRECTIONS
b'j\xbf\xdfI\xf3\x9cB\xef\x92@\x1c2\x18\x92[\xbf',164689346560,,,524288,SOURCE_WINDOWS_FIVEDIRECTIONS
b'\xc1`9\x8c\xc9\x84D\x0b\x80P\xf7q6\xef\xd9\xef',164689870848,,,524288,SOURCE_WINDOWS_FIVEDIRECTIONS
b'\x81\xc1t\xa5\xe8(L~\xac\xdd\x189%\xd2\xbex',2429522354176,,,466944,SOURCE_WINDOWS_FIVEDIRECTIONS
b'\xe9e\x86?\xa5}KF\x94\n\xb4\xd8\xc0\x18\xc6\x9a',526843904,,,524288,SOURCE_WINDOWS_FIVEDIRECTIONS
"b'\x0fd,\xa3y\x06M\x87\x93\x03\x01\x1b\xe6\x18\x8d\x0e'",527310848,,,57344,SOURCE_WINDOWS_FIVEDIRECTIONS
"b""=\x0ef:s\xdcBp\x97\xf5\xfe\x9d\x93\xb3\xc4'""",527298560,,,12288,SOURCE_WINDOWS_FIVEDIRECTIONS
b'z1\xe4\xf1\x0e\xf0B[\xb0;4\xeb\xbc\x9a\xdc\x14',527368192,,,524288,SOURCE_WINDOWS_FIVEDIRECTIONS
b'\x11\xc6.\xc4\x8a\xc2G\xb2\xb1\xda\xac\xa5?\xf3\xf2!',527835136,,,57344,SOURCE_WINDOWS_FIVEDIRECTIONS
"b'HH\xd1\xf3,VEE\xb8p\x86\r\x0c,\xcc\x06'",527822848,,,12288,SOURCE_WINDOWS_FIVEDIRECTIONS
b'Ns\x9ed\x9d|N\xa3\xbe\x12I\xd1U\xeb\xf6`',1573607686144,,,36864,SOURCE_WINDOWS_FIVEDIRECTIONS
b'\x89\xc3\x0e\xd5M\x13O0\x97\x8d\xdd%\xa6\xe0?7',1573607677952,,,40960,SOURCE_WINDOWS_FIVEDIRECTIONS
b'\xf8\xe2\x19qf\x07O\xfe\xb0l\xa2\xde\xe9tH\x92',1573607555072,,,4096,SOURCE_WINDOWS_FIVEDIRECTIONS
b'\x9f\x97\\\x8d\xc0\xa5I\x1a\x8b\x1b\x85\x06\xd2\n\x81\xe2',1573577551872,,,131072,SOURCE_WINDOWS_FIVEDIRECTIONS
b'\xc0\x1e\xceA\xaa(B\x1d\x85\xb7\xf9\xc5V\xae\x0e\x14',1573577302016,,,77824,SOURCE_WINDOWS_FIVEDIRECTIONS
b'\x89\xe7\xc1\xc9\xc69E\xdf\x90\xff\xe6\xd6\x14\xd1\xd5t',1573577076736,,,16384,SOURCE_WINDOWS_FIVEDIRECTIONS
b'\xb8b^\x11\x18\xacC\x9d\x9d/\x8ek\xb3\x07\xb62',1573577101312,,,4096,SOURCE_WINDOWS_FIVEDIRECTIONS
b'\xc7w\xeekT\xad@\x13\x84\x94\x88\xd0\xb1\x1df~',1573658619904,,,385024,SOURCE_WINDOWS_FIVEDIRECTIONS
b'\xa9\xdc\x18\xed]\x87D\x0c\xa9\x17\x9f\n(\x9a\x18\x0c',1573657317376,,,262144,SOURCE_WINDOWS_FIVEDIRECTIONS
b'\xa9\xcd\x98L2\tDz\x950\xa7Jp\xb1\x9e\xe7',1573638672384,,,49152,SOURCE_WINDOWS_FIVEDIRECTIONS
b'\xefQ\xab\xaa\xcb\x84K\xc8\xb0K\x8fg$]\xc8\xd2',1573637840896,,,45056,SOURCE_WINDOWS_FIVEDIRECTIONS
b'\xa8t\x92:\xa3\xb9N\xa4\x96\x91\xcbJ\xfe\xad\xa5\xe3',1573636562944,,,36864,SOURCE_WINDOWS_FIVEDIRECTIONS
b'w\xa4H^Q=O\xdb\xb4\xcd\xdf\xab\xec\x8c\xb9\xd2',1573639520256,,,28672,SOURCE_WINDOWS_FIVEDIRECTIONS
b'\xb1\xc7\\V\xb2\x02I\xb3\x80\x81\xdd}\xd7\\\xa0\x95',1573542223872,,,28672,SOURCE_WINDOWS_FIVEDIRECTIONS
b'\xca\xb4\xdb\x13\xa0\xecM\x05\xa5\xe4\x11T\x02\xf1\xc1\xe8',1573639487488,,,12288,SOURCE_WINDOWS_FIVEDIRECTIONS
b'\xf8s\x1bx\x06\x82HV\x94\xd1\xc32(\x0c\x9e\xf1',1573659435008,,,8192,SOURCE_WINDOWS_FIVEDIRECTIONS
"b'\xbb\xe3\xe0\xde\xecGI\x80\xaf\xd1X,\xba\x85f\xdb'",1573637619712,,,8192,SOURCE_WINDOWS_FIVEDIRECTIONS
b'\xc0\xe0\x1d\x05\xae\xdbJw\x88\xba\xa5A\x06\xe8h\xd1',1573637263360,,,4096,SOURCE_WINDOWS_FIVEDIRECTIONS
b'\xc8\x99\x00\xfb\xc3\x13KU\x82!\xb6oz\xd8\xdd\xce',1573604884480,,,4096,SOURCE_WINDOWS_FIVEDIRECTIONS
b'\x8f\x14\xb3\xa3$\x0fH\xb1\xbeEu\xb5\x81ycM',1573604495360,,,4096,SOURCE_WINDOWS_FIVEDIRECTIONS
b'\xce\xd5n@\xb4]KM\x83\xf0\x06\x84|z\xb6\xb7',1573604638720,,,4096,SOURCE_WINDOWS_FIVEDIRECTIONS
b'\x107\x07A\xb9<NO\xb2\xf7\x05\xfb\xad=vh',1573657759744,,,4096,SOURCE_WINDOWS_FIVEDIRECTIONS
b'\x9f\x18\x16+\xa8mB\xef\x8f0\xfd\\(\xbb\x06\x19',1573657980928,,,4096,SOURCE_WINDOWS_FIVEDIRECTIONS
b'$\xd1\xcd\x1a\\\x7fC\xf6\xa0\xe9\x8f\xd6\x84\xef\x87F',1573637005312,,,4096,SOURCE_WINDOWS_FIVEDIRECTIONS
b'\xc7\xcd\x00\x95\xf8\xa3K\x9f\x81\x85M\xec\xf5\x85\xa7C',1573637079040,,,4096,SOURCE_WINDOWS_FIVEDIRECTIONS
b'D-\x0e)bHB\xc6\x97\x08F\x93SM\xaaW',1573636730880,,,4096,SOURCE_WINDOWS_FIVEDIRECTIONS
b'\xf4\xd5\x97(\x08\x11D\xa5\xb2N\xbf\xf7\x87~\x80\x10',1573542404096,,,61440,SOURCE_WINDOWS_FIVEDIRECTIONS
b'+\x99\xf1\x175\xb2H\x8d\xb3nremd\xc5\xff',1573542473728,,,45056,SOURCE_WINDOWS_FIVEDIRECTIONS
b'\xa9\xc5\xe8\xad\xb0(A6\x85-\xbf\x10\xfc\xb2s}',1573604519936,,,20480,SOURCE_WINDOWS_FIVEDIRECTIONS
b'\x95Y\xfaT&\xc6L\xe2\x8f\x96\xa7&\xd8i\x8a\xbb',1573542330368,,,16384,SOURCE_WINDOWS_FIVEDIRECTIONS
b'%\xe3\xb1f|zL\xa6\xb3\xc3\xdc\xaa\r\x84\xafV',1573639663616,,,12288,SOURCE_WINDOWS_FIVEDIRECTIONS
b'q\xd1\xe3\xe6\xf0\x02N\x91\xa1\xa6\xe8\x8a\x83\xdb\x05\x8f',1573542305792,,,16384,SOURCE_WINDOWS_FIVEDIRECTIONS
b'~e!\xd9$\xe3Nf\x85\x9ebO\xef\x02K\xbf',1573604835328,,,12288,SOURCE_WINDOWS_FIVEDIRECTIONS
b'\x03yK\x91\x05\xbaJn\xafsl\xa2\xe28\xb78',1573542612992,,,4096,SOURCE_WINDOWS_FIVEDIRECTIONS
b'\xde\x94\xde\x17\x14\xa8B\xd3\xaa)\xf5\xb0\xebI\xa9\xb1',1573604704256,,,4096,SOURCE_WINDOWS_FIVEDIRECTIONS
b'\xd6W\xb3\xe3\xdaII\xbd\x96\xf9\xa7p\xcf4N\xfa',1573542371328,,,4096,SOURCE_WINDOWS_FIVEDIRECTIONS
b'LW\x8fa\xcf\xbbH-\x93\xb5`\xad\x89\xfa\x17o',1573542354944,,,4096,SOURCE_WINDOWS_FIVEDIRECTIONS
b'O.\x9d3\xeb!E\x88\xa6#\xd0\x8ee\x84\xfc\x1c',1573604921344,,,4096,SOURCE_WINDOWS_FIVEDIRECTIONS
b'\x9f\x1a\x11\x1c7\x13Eq\xba\x1b\x00\xb9S\xdf\x19\x1c',1573604945920,,,4096,SOURCE_WINDOWS_FIVEDIRECTIONS
b'(\x91/NlXM\x97\xad\xa7\xc8\xa2\x0fa\xec\xb0',1573604667392,,,4096,SOURCE_WINDOWS_FIVEDIRECTIONS
b'N\xa5~\x1e\x11bN\xe5\xbc\x01\xbc\xe2\xbf9\xdd\x0f',1573628272640,,,4096,SOURCE_WINDOWS_FIVEDIRECTIONS
b'\xaf\xcd\xba\xb7\xe8\x82N\xba\xb9Q\xd1g\x81\x87f\xdf',1573605130240,,,4096,SOURCE_WINDOWS_FIVEDIRECTIONS
b'-\xfc\x1cz\x90\xabA\xc5\x9eP\xad\xa76\x07\xfb\xa8',1573542203392,,,4096,SOURCE_WINDOWS_FIVEDIRECTIONS
b'\x88\x13\x92\xbc\x80\xc0OL\xb4\xe1B\xe2\xe5\x00_r',1573577404416,,,8192,SOURCE_WINDOWS_FIVEDIRECTIONS
b'\x9ea\\\xa7\xc3\xecO\xcc\xa8e\x83\xc4\x1e\xb6l\x85',1573576925184,,,4096,SOURCE_WINDOWS_FIVEDIRECTIONS
b'\xaa\x1f\xf7\xd4d-O\x8a\x9a\xd7A@\xa2Qd@',1573577748480,,,4096,SOURCE_WINDOWS_FIVEDIRECTIONS
b'X\x17p@\x9f\xa5Jf\xb4\x0b\xf7\x06\xe9\x00C/',1573577121792,,,8192,SOURCE_WINDOWS_FIVEDIRECTIONS
b'|Ok\xee\x7f\x8fC@\x84\x03\xf5\xbd\x89f\x17\xf5',1573576916992,,,4096,SOURCE_WINDOWS_FIVEDIRECTIONS
b'\xa8\x06r*G7N\xe7\x81n=\x93\xfaQ\xe1\xcf',1573577068544,,,24576,SOURCE_WINDOWS_FIVEDIRECTIONS
b'^_\x8e)\xb5lM\x08\x8epH)6*`\xb9',1573576986624,,,20480,SOURCE_WINDOWS_FIVEDIRECTIONS
b'Vv^j\x9e\x82N\xbf\x91\xf4l\x97s\x18*\xf2',1573577048064,,,12288,SOURCE_WINDOWS_FIVEDIRECTIONS
b'JC9\tp\xb1L\xcb\xa6y\x9d2\xa7\xce\x01\xc6',1573630705664,,,12288,SOURCE_WINDOWS_FIVEDIRECTIONS
b'b\xc8\xd7Q\xa2\xa1NY\x96\x11H\xba\xea\n\x0bW',1573630771200,,,12288,SOURCE_WINDOWS_FIVEDIRECTIONS
b'\x8c\x94\xe1=u\xd2KK\xaeJ\xbf\xd6\xc7\x02/\x03',1573630836736,,,12288,SOURCE_WINDOWS_FIVEDIRECTIONS
b'\x86\x89aaq\xe9Hn\xb3\xdd`?\xf1|\xed\xb9',1573630902272,,,12288,SOURCE_WINDOWS_FIVEDIRECTIONS
b'+\xc1?\xc1\x192N*\xbe{\x14\x1e+`\x07%',1573630967808,,,12288,SOURCE_WINDOWS_FIVEDIRECTIONS
"b""SC\x19\xd9\xa4\x02B\xc7\xae\xc5'^\x1ee\xa3\xbb""",1573631033344,,,12288,SOURCE_WINDOWS_FIVEDIRECTIONS
b'\xde&\x17\x91\x1a\xb8L2\x95\x8b>\xd9\xa3lj\x9f',1573631098880,,,12288,SOURCE_WINDOWS_FIVEDIRECTIONS
b'(\x12G\x91\x9f\xc2K$\x9ck8\xab\x85\x0c\x19[',1573631164416,,,12288,SOURCE_WINDOWS_FIVEDIRECTIONS
b'\xb3\x97\x9f\xd0|\x1bC_\xa50\xddMe\xe3\x03m',1573631229952,,,12288,SOURCE_WINDOWS_FIVEDIRECTIONS
b'\xbd\xe6n.\x02=L\xa8\xaaM/\xd4\xfa\xd54\x05',1573631295488,,,12288,SOURCE_WINDOWS_FIVEDIRECTIONS
"b""\x9b\x8d8'\x1b\xdcF;\xb5%\xa1\x9a\xf5\xa0\xf8\x17""",1573631361024,,,12288,SOURCE_WINDOWS_FIVEDIRECTIONS
b'\xb6\xd4\x84\x0cr\xbdEp\x86\x9c\x13\x0b\xfe\xdd2\xf0',1573631426560,,,12288,SOURCE_WINDOWS_FIVEDIRECTIONS
b'\x19o\xa6\xf9\x07\xfaJ\x11\xa2\r\xf1ZS\xdf\xdc\x0f',1573631492096,,,12288,SOURCE_WINDOWS_FIVEDIRECTIONS
b'\xb0\x0c\xb4\x11Q\xb7@\xea\x90\x17>\x00]\xd8\xa0^',1573631557632,,,12288,SOURCE_WINDOWS_FIVEDIRECTIONS
b'\xb7\xd6^\xf6.\x16FW\x94\x1a)\x85)6bt',1573631623168,,,12288,SOURCE_WINDOWS_FIVEDIRECTIONS
b'\xdb\xaa?l\xc25L\xab\x9c\x8c\xf6\x93\xdb\x8e\xc9\x08',1573631688704,,,12288,SOURCE_WINDOWS_FIVEDIRECTIONS
b'\x9f\x07\xcdn?\xa2G\xac\xb1\x8f\x18n\xf6\x01\xec+',1573631754240,,,12288,SOURCE_WINDOWS_FIVEDIRECTIONS
b'\xfaA&\x1b+.L\x01\x8b\x95\xb9\xc1&@\x12\xb1',1573631819776,,,12288,SOURCE_WINDOWS_FIVEDIRECTIONS
"b'x\x18\xd1\xcd\xff\x11E\xb1\xafI\xa3p\xe1,\x1c\x0f'",1573631885312,,,12288,SOURCE_WINDOWS_FIVEDIRECTIONS
b'\x04\xca\x9a|\x88HCb\xb6l\xf9Sj\xe8V\x14',1573631950848,,,12288,SOURCE_WINDOWS_FIVEDIRECTIONS
b'T\x84sk\xf6\x9bJW\xa8\xed=\x9a5i\x91\x9a',1573632016384,,,12288,SOURCE_WINDOWS_FIVEDIRECTIONS
b'\xdf\x02\x9d\xc4\xbe;K\x9d\x99\x9a\xd4;\xee\x82l0',1573632081920,,,12288,SOURCE_WINDOWS_FIVEDIRECTIONS
b'yF\x1b\xe4\x18\xdeG\x8c\xa5\x04\x07\x1c@)\x11\x19',1573632147456,,,12288,SOURCE_WINDOWS_FIVEDIRECTIONS
b'S\x1b\xd2\xeb\xd5GD\x15\xa6Gq\x10b+u\xd9',1573632212992,,,12288,SOURCE_WINDOWS_FIVEDIRECTIONS
"b""'\xb2\x11W\xfa\x9bB\xee\xa3\x9d\x11>\xf4\xbf\xd9@""",1573632278528,,,12288,SOURCE_WINDOWS_FIVEDIRECTIONS
b'\xe3\x8aw9k\xfbD\x01\x94.\xc0\xb4\xd4~og',1573632344064,,,12288,SOURCE_WINDOWS_FIVEDIRECTIONS
b'\xc7\x1e|;!xO\xe3\x86\xe3-g_6%\xf9',1573632409600,,,12288,SOURCE_WINDOWS_FIVEDIRECTIONS
b'\xa2\x83\xd2\x88\xda0Ke\xa4\xb9L\x1b\xe9\xd0R\xdf',1573632475136,,,12288,SOURCE_WINDOWS_FIVEDIRECTIONS
b'M\xfa\xdae\xda/D\x91\xb4\xce\x16\xe5\x08\xf5n\xf0',1573632540672,,,12288,SOURCE_WINDOWS_FIVEDIRECTIONS
b'9r\x01g\xaa\x82IW\x80\x85\xac8X\xdaY\xf4',1573632606208,,,12288,SOURCE_WINDOWS_FIVEDIRECTIONS
"b'\x17\x84\xdc\xb5\xe5yK\xc4\xa9o?\xbeb""\xc1c'",1573632671744,,,12288,SOURCE_WINDOWS_FIVEDIRECTIONS
b'o\x13\xd2\xf9\x81\xccJ\x89\x8d\xf6B\xab\x1b:\x1a\xe4',1573632737280,,,12288,SOURCE_WINDOWS_FIVEDIRECTIONS
b'\x83\x14\xea^S\xbfB\x82\x90\x93\x90\xbf\x1c^\xfa\xe0',1573632802816,,,12288,SOURCE_WINDOWS_FIVEDIRECTIONS
b'\x80Bp\xab\x8eDC2\xa6\x11\xde\x06\x9d\x07\x19\xc7',1573632868352,,,12288,SOURCE_WINDOWS_FIVEDIRECTIONS
b'|\x84\x19zf\xc2O\xbc\xa2\x80\xa9\xf4)\xc1Ew',1573632933888,,,12288,SOURCE_WINDOWS_FIVEDIRECTIONS
b'\x9e\xa2\x93\x0b\xe4\xcdOZ\xae\xb1@\x81*G\x0ch',1573632999424,,,12288,SOURCE_WINDOWS_FIVEDIRECTIONS
b'@\x12CZ\xed\xf0H:\x92\xf9\x0bm\xea1/\xc9',1573633064960,,,12288,SOURCE_WINDOWS_FIVEDIRECTIONS
b'\xd2\x1b\xac\x82\x883B\xba\x941L\x06aE\x1e\xd2',1573633130496,,,12288,SOURCE_WINDOWS_FIVEDIRECTIONS
b':\x1a\xe2\xebvgF\x96\xabx\xaa\xcdr\x14cM',1573633196032,,,12288,SOURCE_WINDOWS_FIVEDIRECTIONS
b'\x97c\xf5\xa6\xb8\x98K\xc5\xbdq[0P\xbc\x07\xf5',1573633261568,,,12288,SOURCE_WINDOWS_FIVEDIRECTIONS
b'\xaf\xca\x8f!\xbe\xd8J\xd0\x9c\x0bl\xf3HAy\xa8',1573633327104,,,12288,SOURCE_WINDOWS_FIVEDIRECTIONS
b'5\xdf*\xa6\x80\xfaO\x19\xb3\xd3\xe04\xee\x00\x05\x10',1573633392640,,,12288,SOURCE_WINDOWS_FIVEDIRECTIONS
b'\x84\xffE\xcbQ\x0c@\xaf\xaa\x1c\xaf;\xb1\xed\xbb<',1573633458176,,,12288,SOURCE_WINDOWS_FIVEDIRECTIONS
b'\xd2\xee\x1b}.\xc4M\xbe\x99\xdb>\x93X\x8b\xf1V',1573633523712,,,12288,SOURCE_WINDOWS_FIVEDIRECTIONS
"b'E\xefi\x16w^L\x94\xa1\xc7\xcf\x87,\xfd\x116'",1573633589248,,,12288,SOURCE_WINDOWS_FIVEDIRECTIONS
b'\xf8\xd4p\x01\x1a\nN\x14\x80|o\x05D\xfc\xadT',1573633654784,,,12288,SOURCE_WINDOWS_FIVEDIRECTIONS
b'\xaf\x9c\x9c\x8a9\xaa@*\xb70\x1d\xc2\xa8\xba\xe5?',1573633720320,,,12288,SOURCE_WINDOWS_FIVEDIRECTIONS
b'>\x82\xaa\xa3}YI\xe5\x90\xb0\xd9\xfa\xdc:\xe2U',1573633785856,,,12288,SOURCE_WINDOWS_FIVEDIRECTIONS
b'\x91|\xa0\xcf\x9d\x7fL\x19\x90\xdfH\xb6\xf1Y\x85_',1573633851392,,,12288,SOURCE_WINDOWS_FIVEDIRECTIONS
b'\x97\x84\xc4\xb7agGn\xa2\x152\xd4\x04P\x94\xa3',1573633916928,,,12288,SOURCE_WINDOWS_FIVEDIRECTIONS
b'\xee\xcd\xcdb5*J\xa5\xa1\xa8\xb7dG\xec\x7fc',1573633982464,,,12288,SOURCE_WINDOWS_FIVEDIRECTIONS
b'\x0b\x16M^\x11_C\xf0\xb7r\rQK\x15o\xd4',1573634048000,,,12288,SOURCE_WINDOWS_FIVEDIRECTIONS
b'`\nC[\xb1jH\x98\xaa\xcfN~c\x1es\xc4',1573634113536,,,12288,SOURCE_WINDOWS_FIVEDIRECTIONS
b'\xe6K\x1c\x83\xb5\x11O\xd0\x85\x9c~s\xf0k\xaa\xf9',1573634179072,,,12288,SOURCE_WINDOWS_FIVEDIRECTIONS
b'\xd7\x8d\xb3\xc8\xdc\x13H\xbc\x9f\xf9\xae\x92yg\x12\x8e',1573634244608,,,12288,SOURCE_WINDOWS_FIVEDIRECTIONS
"b'\xf6\x9b\xfa\xa4,\x1bG\x8d\x82m\xfc\x99\xf3\xd6\xdb\xf9'",1573634310144,,,12288,SOURCE_WINDOWS_FIVEDIRECTIONS
b'\xbbXW\xc8\x01iJ>\xa9\xe7t\x84\xbe\xa4Jg',1573634375680,,,12288,SOURCE_WINDOWS_FIVEDIRECTIONS
b'Z\xf6\x95(\xf9\xddK\xbc\x82%\x0b\xe8_\xe1T|',1573634441216,,,12288,SOURCE_WINDOWS_FIVEDIRECTIONS
b'HIK\xdcc\xefF\xac\xb7\xb2dUIL\x83\xa0',1573634506752,,,12288,SOURCE_WINDOWS_FIVEDIRECTIONS
b'Q!\x82\xb5\xdd\xa8L\x92\x97\x97\xd4CG\xd2\xda\x85',1573634572288,,,12288,SOURCE_WINDOWS_FIVEDIRECTIONS
b'\xbe\xf0u\xf96jO1\xae\x15[\xe4\xa1\xf4\xb0\x85',1573634637824,,,12288,SOURCE_WINDOWS_FIVEDIRECTIONS
b'H0&2\xbf\xd0L\xda\xb23\xdfn\xe4A\x871',1573634703360,,,12288,SOURCE_WINDOWS_FIVEDIRECTIONS
b'\xf6\xff\r\xc7\x10j@\x0c\x8e\xec\xd6\x85s\xcaje',1573634768896,,,12288,SOURCE_WINDOWS_FIVEDIRECTIONS
b'\xa4a\xada\xc6\x15Eo\xbaq)H\x9e\x0bm\xe2',1573634834432,,,12288,SOURCE_WINDOWS_FIVEDIRECTIONS
b'\xad7K(Z\x81L\x7f\xa6N\xd5\x10x\xb2\x90\xa2',1573634899968,,,12288,SOURCE_WINDOWS_FIVEDIRECTIONS
b'\xa1\xd2\x9e\x9cGrE\xea\xba`\xf70\xe79f\x9b',1573634965504,,,12288,SOURCE_WINDOWS_FIVEDIRECTIONS
"b'\xf2\xb4p\x01`\xa0IL\x89\xf7\x9a?\x1d,l\xe0'",1573635031040,,,12288,SOURCE_WINDOWS_FIVEDIRECTIONS
b'58\x00\xadx\xbfL\xf4\xbc\xea\x94\x9f\xfah\xd7\x04',1573635096576,,,12288,SOURCE_WINDOWS_FIVEDIRECTIONS
b'\xb5\x1e\x19Q\xc6\xbeN\xc9\xa3M\t\x9d\xdc\\v\xdf',1573635162112,,,12288,SOURCE_WINDOWS_FIVEDIRECTIONS
b'S\xde\xe7\xad\xfdaA\xab\xb4\xca\xbf/v\x84\xfb\xa5',1573635227648,,,12288,SOURCE_WINDOWS_FIVEDIRECTIONS
b'_\x1a\x1cP>\xdaEU\xb2\xef7\xc22Yy\xee',1573635293184,,,12288,SOURCE_WINDOWS_FIVEDIRECTIONS
"b'\xe3\xa0\x85\xa9\x89\xd3K:\x848""n$\xef\x8e\xf7'",1573635358720,,,12288,SOURCE_WINDOWS_FIVEDIRECTIONS
"b'<[\x18/AJB3\x95\xf42,rbG\xdd'",1573635424256,,,12288,SOURCE_WINDOWS_FIVEDIRECTIONS
b'zja\xe0\xa5EA\xbe\xab\x99\x86\x19\xa98\x81k',1573639684096,,,12288,SOURCE_WINDOWS_FIVEDIRECTIONS
b'Vkp\x9fi\x02F\xc8\xbaN\xcd:&\xdaB\x80',1573639749632,,,12288,SOURCE_WINDOWS_FIVEDIRECTIONS
b'6\xd2\x1ds\xf0\xcfC5\x88o\x11\xbe\x9e\xa5F\xe7',1573639815168,,,12288,SOURCE_WINDOWS_FIVEDIRECTIONS
"b'h\x89,\x84V\x1cE-\xb0\xc1\xb3\xa2\x1a\xebw\x0f'",1573639880704,,,12288,SOURCE_WINDOWS_FIVEDIRECTIONS
b'\x14\x85f\x01\x8esI\x95\xbf\x91\x00\xea\x00\x1f\xf7\x98',1573639946240,,,12288,SOURCE_WINDOWS_FIVEDIRECTIONS
"b""\xad&\xd9\xddhXLo\xa9\x92\xe6\xb0\xc7\x13'\xb4""",1573640011776,,,12288,SOURCE_WINDOWS_FIVEDIRECTIONS
"b""\xd4\xdd\xe2_\xf5:O'\xaa\x85=P\xb2/\x9b\x85""",1573640077312,,,12288,SOURCE_WINDOWS_FIVEDIRECTIONS
b'\x9d\x83r(k\xe4La\xa8]H\x1e\x82\xdd^\x03',1573640142848,,,12288,SOURCE_WINDOWS_FIVEDIRECTIONS
b'\xc0\xf1s6\xcbYEd\x9c\xaf$\xfe\xdc\xa9\xdbn',1573640208384,,,12288,SOURCE_WINDOWS_FIVEDIRECTIONS
"b'""O\x0c|\x8b\rI\xaf\x96-\x10\xbaQ\xfe\xe1s'",1573640273920,,,12288,SOURCE_WINDOWS_FIVEDIRECTIONS
b'(\xd1\xa1\xb2\xf0\x97B\xbb\x81\xc8\x8eH\xaf\x7f\x1dh',1573640339456,,,12288,SOURCE_WINDOWS_FIVEDIRECTIONS
b'\xb2\x96\x11\xd6\x94\xf6Nb\xa4\xfc7\x82\n\xfa&\xb5',1573640404992,,,12288,SOURCE_WINDOWS_FIVEDIRECTIONS
b'5\x1a[\xc1b\x99M\xd3\xb9@\xdb\x8e\xc83\xd6\x15',1573640470528,,,12288,SOURCE_WINDOWS_FIVEDIRECTIONS
b'l\xc1\x00\x05\xe4\x06J/\x9f\t\xb3ypN\xf4\xa4',1573640536064,,,12288,SOURCE_WINDOWS_FIVEDIRECTIONS
b'\xf2\x9a\xfb\x13\xdd\x14A\xee\x81\xd8\x19\xb0\xb4+sQ',1573640601600,,,12288,SOURCE_WINDOWS_FIVEDIRECTIONS
b'\xa7i}zd\xb0EG\x8c|_+\xd3bn\x99',1573640667136,,,12288,SOURCE_WINDOWS_FIVEDIRECTIONS
"b""\x13\x83\xe8\xb1I\x83G~\x87'\xa7\x00\x97\x03\xd0\x93""",1573640732672,,,12288,SOURCE_WINDOWS_FIVEDIRECTIONS
b'\xb7\x02+\x13\x167N\xee\x9f\x8c;\xe2\xbf\xdd>\x16',1573640798208,,,12288,SOURCE_WINDOWS_FIVEDIRECTIONS
b'\xf8\x1a\x14Z>\x9aD\x1d\xb0\x02i\x83rKHI',1573640863744,,,12288,SOURCE_WINDOWS_FIVEDIRECTIONS
b'\t\xea\xc3pz\x87E[\xb9W\x0c\xb4\xfb-\x87\x9b',1573640929280,,,12288,SOURCE_WINDOWS_FIVEDIRECTIONS
b'!)\xf5J\x05\xb2Nz\xb1J\x12$*\xbe0\xb5',1573640994816,,,12288,SOURCE_WINDOWS_FIVEDIRECTIONS
b'X\xb8g\xa8\xd6\xaaN\x17\x93g\xf3[nS\x03\xec',1573641060352,,,12288,SOURCE_WINDOWS_FIVEDIRECTIONS
b'\x80V\x97Q\xb8\xddO\xb4\xa6\xaf{T\n\x1c\x02\x95',1573641125888,,,12288,SOURCE_WINDOWS_FIVEDIRECTIONS
b'\x97\x01\x17%\x92LAl\xa2\x1b\x0b\x97|^\xfc\xde',1573641191424,,,12288,SOURCE_WINDOWS_FIVEDIRECTIONS
b'\xd1aK\xa2\x12\xaaF.\x99s\xa1\x8aL\x7f\xfd~',1573641256960,,,12288,SOURCE_WINDOWS_FIVEDIRECTIONS
"b'tv\x15\x97%\x92NN\x9c\xa0\n""{f\xa9\xe1'",1573641322496,,,12288,SOURCE_WINDOWS_FIVEDIRECTIONS
b'\xa8\x8f\x8d\x9d\x08\xddF\xd6\x85\xb9\x07\xeb\x82?\xbe1',1573641388032,,,12288,SOURCE_WINDOWS_FIVEDIRECTIONS
b'\x8f\t\xa1\xab\xee!J\xf2\x8e-~]P_\x17\xf9',1573641453568,,,12288,SOURCE_WINDOWS_FIVEDIRECTIONS
b'\x9fX\xc6#\x81`AQ\xbc\x0b\x04\xb8\xa2\xe7\x95\xe4',1573641519104,,,12288,SOURCE_WINDOWS_FIVEDIRECTIONS
b'\xac\xe6w.agMP\xb6\\*Zr\x8c\x90\x12',1573641584640,,,12288,SOURCE_WINDOWS_FIVEDIRECTIONS
b'9|\xea7?\x1eH\x81\xacX\x03X\x9f\xef\xc2\xbb',1573641650176,,,12288,SOURCE_WINDOWS_FIVEDIRECTIONS
b'`\x9b\xed\x00W\xf3D@\xa1d5Q\xa4\xd4\xfe\x89',1573641715712,,,12288,SOURCE_WINDOWS_FIVEDIRECTIONS
"b""0\xe4\x04\x93y7C'\x9c\xe7\xd5S\xa0\x96Z\xf3""",1573641781248,,,12288,SOURCE_WINDOWS_FIVEDIRECTIONS
b'\x02_\x06\x0c\x0e\x10IM\x98\x008\xaa\x818\xc5\x06',1573641846784,,,12288,SOURCE_WINDOWS_FIVEDIRECTIONS
b'\x1e\x81\xa8\x1f\xcb\x9fLu\xbdg\xd5]\xb4\xca\xf6P',1573641912320,,,12288,SOURCE_WINDOWS_FIVEDIRECTIONS
b'\xeeB\xb4\xb7\x1dyH\x03\xb1\xa4;-K\x82{~',1573641977856,,,12288,SOURCE_WINDOWS_FIVEDIRECTIONS
b'\xbc\x0f\xdaC\x13\xf5G3\x82\xdb\x94\xc90n\x00?',1573642043392,,,12288,SOURCE_WINDOWS_FIVEDIRECTIONS
b'\x82\xf9\xc2\x88\x91TI*\x97\x1eTq\xaa\xff\x80s',1573642108928,,,12288,SOURCE_WINDOWS_FIVEDIRECTIONS
"b""\xa4\xe4(\xf2\xb6KA\x93\x8cJJ\xf5HS'\x02""",1573642174464,,,12288,SOURCE_WINDOWS_FIVEDIRECTIONS
b'\xef\xbd7\xdb4\xa0O\xb1\xbc\xb4{\x8e\xe3W\x87\xca',1573642240000,,,12288,SOURCE_WINDOWS_FIVEDIRECTIONS
b'\xc3N\x1a\xbct\x12K)\xabbMO\x13#\x17=',1573642305536,,,12288,SOURCE_WINDOWS_FIVEDIRECTIONS
b'\xf7\x80\xc0Q\xa4_C\x92\xb3\x1a\xaf\x18W\xbf\xbf&',1573642371072,,,12288,SOURCE_WINDOWS_FIVEDIRECTIONS
"b'\xd2\x1c\xf0\xe4V,K\xee\xb6\xdf!\x16\x1e.\xf76'",1573642436608,,,12288,SOURCE_WINDOWS_FIVEDIRECTIONS
b'^\xae\x90\xb4\xf1\xf1Ek\xb9\x05\x86\xc6\xf5\xd4\x1by',1573642502144,,,12288,SOURCE_WINDOWS_FIVEDIRECTIONS
b'-\x86|\x98\x90\xedK1\xa1\xe2\xb4\x90B\xd0\xa4\xa4',1573642567680,,,12288,SOURCE_WINDOWS_FIVEDIRECTIONS
b'.l\x1c\x9f\x91gOX\x9e\x7f\xb7#.yz_',1573642633216,,,12288,SOURCE_WINDOWS_FIVEDIRECTIONS
"b'\xfb1\xb1\xe3\xe5,F\xe0\x8a\x84\xd7\x0e\xc0{\xe6I'",1573642698752,,,12288,SOURCE_WINDOWS_FIVEDIRECTIONS
b'\xa4.\xe9\xd4\x0b7M\xef\xbc+\xee5I\xafj&',1573642764288,,,12288,SOURCE_WINDOWS_FIVEDIRECTIONS
b'\x10b\x88]z=EG\xbf\xbd\xdd\xdc[+\x10\xa4',1573642829824,,,12288,SOURCE_WINDOWS_FIVEDIRECTIONS
"b'\xbd\xe3\x9a\x97\x1b\xc2B\xe5\xa1\x03""\x19\xeb\x07\xb9\xfb'",1573642895360,,,12288,SOURCE_WINDOWS_FIVEDIRECTIONS
b'\xdf\xac\xf6\x1e\xea\xe4Fs\x95NB\xa7\x1a\xe9\xbcQ',1573642960896,,,12288,SOURCE_WINDOWS_FIVEDIRECTIONS
b'Q\x9b\xd6TI-J%\x8dI)\x86\xfb\xf8\xdb\xa0',1573643026432,,,12288,SOURCE_WINDOWS_FIVEDIRECTIONS
b'\xabv\x03\xfanD@\xb0\x86\xf2q\xcd\xf0\xde\xa8U',1573643091968,,,12288,SOURCE_WINDOWS_FIVEDIRECTIONS
b'\x96\xe6\xcf\x059\xbcD;\xaa\xac\xa1\x90[;\x04m',1573643157504,,,12288,SOURCE_WINDOWS_FIVEDIRECTIONS
b'\xea\xe1H\x8esuM\t\xad\x01\x94Gi\xa7Y\x99',1573643223040,,,12288,SOURCE_WINDOWS_FIVEDIRECTIONS
b'\xcc/\x0f\xa5\xc3S@\x1c\xa9\xb92\xad\xd9\\\x98\xf2',1573643288576,,,12288,SOURCE_WINDOWS_FIVEDIRECTIONS
b'\x7fw\xca\xf2_\xa7L\xb8\x91\x9c\x7f\x1f\x88\xf1$\x90',1573643354112,,,12288,SOURCE_WINDOWS_FIVEDIRECTIONS
b'\x04\x99k-\xfe\xbcBq\xbc\xfb\xa3+\x9f\x16\xd08',1573643419648,,,12288,SOURCE_WINDOWS_FIVEDIRECTIONS
b'\xa3[\xe1l\xa3mIL\x83\x1a\xf1E3\xddL\x94',1573643485184,,,12288,SOURCE_WINDOWS_FIVEDIRECTIONS
b'\x0fk6\x03\xac9DP\xbc\x82#$H\x0e3$',1573643550720,,,12288,SOURCE_WINDOWS_FIVEDIRECTIONS
b'\x02b\x82[rjIQ\x99\xaf\x05\xca\xa6\xac!\xa2',1573643616256,,,12288,SOURCE_WINDOWS_FIVEDIRECTIONS
"b""\x9d'ZF]$M`\xbd\x91\x8cva\x9eU\x99""",1573643681792,,,12288,SOURCE_WINDOWS_FIVEDIRECTIONS
b'V\xf4\xa5\xc3eZNs\x994B?\x0ct\xe5\xb8',1573643747328,,,12288,SOURCE_WINDOWS_FIVEDIRECTIONS
b'\xe3\x02\xae\xb1\xdc\x8bLc\xbf\xc0/!L\xd1J\xa0',1573643812864,,,12288,SOURCE_WINDOWS_FIVEDIRECTIONS
b't\x16\xdd\x9c>\x01K\xb5\xac@\x11I\x9c\x90E\xc3',1573643878400,,,12288,SOURCE_WINDOWS_FIVEDIRECTIONS
b'\xaaY\xbc\xd5\n\xd6D\x00\xb8\x91\xa9\x12\x8c\x9b\xdb\xaa',1573643943936,,,12288,SOURCE_WINDOWS_FIVEDIRECTIONS
b'\xb3~\x0b\xe5\x83kK0\xa4\xbd\xa30 D\x18>',1573644009472,,,12288,SOURCE_WINDOWS_FIVEDIRECTIONS
"b'\xf8h""?\xc4\xf5I\xe4\xa5%Z\xe7\xa3\x7f4P'",1573644075008,,,12288,SOURCE_WINDOWS_FIVEDIRECTIONS
b'\xa4%o=\xcc\xcdB\xe9\x8a\xf9\x80\x95\x9c\x9d\xe2V',1573644140544,,,12288,SOURCE_WINDOWS_FIVEDIRECTIONS
b'\xd0E8\x8b\x9d\x0bA\x16\xbe\xca\x9d\xf5\xed\x12L\xdf',1573644206080,,,12288,SOURCE_WINDOWS_FIVEDIRECTIONS
b'\xf2\xc1<7UCJ\xde\x9e\xdb\xad6\xf7\xf3\xdb#',1573644271616,,,12288,SOURCE_WINDOWS_FIVEDIRECTIONS
b'\n+\xfe\x9bW\xd1O\x02\x82\x15\x8dzN\x8b{y',1573644337152,,,12288,SOURCE_WINDOWS_FIVEDIRECTIONS
b'\xc1\x00fPk\xfcF\xd2\x82r\xc4\x1e\xfe\t\xc6D',1573644402688,,,12288,SOURCE_WINDOWS_FIVEDIRECTIONS
"b""G\xa8\xa7\xa4\x92\x9dBR\xa8Z}|\xee\x0b>'""",1573644468224,,,12288,SOURCE_WINDOWS_FIVEDIRECTIONS
b'\xc5\x97=\xaba\x14A\xf8\xb6\xf3\xd7Y\xab\xfa\xc0:',1573644533760,,,12288,SOURCE_WINDOWS_FIVEDIRECTIONS
b'\xec\xda\x16\x0eb\xdaOE\xbb\n!\xdc\xb5I\xf0\xb8',1573644599296,,,12288,SOURCE_WINDOWS_FIVEDIRECTIONS
"b'\xfc}\xad\x85o\x8eE\xc3\xa1%\xcf\xc0\x8d\x95$""'",1573577760768,,,49152,SOURCE_WINDOWS_FIVEDIRECTIONS
b'\xce\xbbZ\x99\xb58Nm\xa6\xfb\xe4&\xa5\xa4\xfa\xef',1573577392128,,,4096,SOURCE_WINDOWS_FIVEDIRECTIONS
b'\xa2\xab\x1d\x80Y\xe3I\xa1\xa6&)\xd2\x9e\xe9\xd5\xf8',1573577416704,,,278528,SOURCE_WINDOWS_FIVEDIRECTIONS
b'>-\x03\xcf\xc1\xbbOZ\xb5\x13[3\x02[\xc2>',1573577756672,,,53248,SOURCE_WINDOWS_FIVEDIRECTIONS
b'\xee7\x88\xd1\x16(K\xab\xaa\xa3\\\rI:\xc2\xc3',1573576839168,,,4096,SOURCE_WINDOWS_FIVEDIRECTIONS
b'\xf9\xf6\x95\xf8\x14\xcbA\xae\x86/\xe8\xbc\x81\xa5\x97A',2147352576,,,4096,SOURCE_WINDOWS_FIVEDIRECTIONS
b'\xab\xf3\n\xcamdB\xb9\xb9\xea\xf8\x05\x1e(\x81m',2147356672,,,61440,SOURCE_WINDOWS_FIVEDIRECTIONS
b'f\xe0\xe3>\xb2\x99I\xdf\x95\x02\xfa\x96\x15T\xf6\xb1',249634488320,,,2097152,SOURCE_WINDOWS_FIVEDIRECTIONS
b'x\xbf7\xfc\xdfBD\x04\xa53h\xf3\xcb\x83\xd5\x06',1573635489792,,,4194304,SOURCE_WINDOWS_FIVEDIRECTIONS
b'\x00\xd3t\x04\xeckI\x8a\x80\t\xf75\x9f\xc8+\t',1044282081280,,,524288,SOURCE_WINDOWS_FIVEDIRECTIONS
b'\x9e\xa9\nF\xea\xd1I\x99\xabSke\xc82W-',1044282572800,,,32768,SOURCE_WINDOWS_FIVEDIRECTIONS
b'\xd5\xb5\xda\xe1J;I\x11\x8c\x16\x03\xdb\xaa\xcd\x13\xec',1044282560512,,,12288,SOURCE_WINDOWS_FIVEDIRECTIONS
b'w%\xcb\xdb 2G\x8d\xb8V\xcd\x92E\x9f\r\\',880938057728,,,524288,SOURCE_WINDOWS_FIVEDIRECTIONS
b'\x97\xfc\x19&\xba<K\xa8\x9b\x84\xff\xea\xee\xd2c\r',880938549248,,,32768,SOURCE_WINDOWS_FIVEDIRECTIONS
"b'\xff\xee\x91p\xa5fI\x83\x8e\xf0\xd6""\xd3>\xa0\xac'",880938536960,,,12288,SOURCE_WINDOWS_FIVEDIRECTIONS
"b'\xe3\xe2""\xcbw\x10B\xf3\xad\xf4\x97i%m\x11\xe8'",221376937984,,,524288,SOURCE_WINDOWS_FIVEDIRECTIONS
b'\x95\xb4\x82#\xa6\xf4DQ\xa1\xef\xd6\xa9_Y\x81\x9d',221377429504,,,32768,SOURCE_WINDOWS_FIVEDIRECTIONS
b'\xff=\xd5wojG\xf8\xac\xe4\xdf\x93\x98\xb4\xa5\x11',221377417216,,,12288,SOURCE_WINDOWS_FIVEDIRECTIONS
b'Dpn\xee\xa5VG\xea\x89<\xdbl\xb6;\n>',381579264,,,4198400,SOURCE_WINDOWS_FIVEDIRECTIONS
b'V\x96\xa9\x1d\xf7\xc4@\x16\x99\xe3\xd5z9\xe3\xf9t',385826816,,,4198400,SOURCE_WINDOWS_FIVEDIRECTIONS
b'O\xb0\xea\x87\xfeyC\x83\xaf4\x91\x06\xd7H\x18\x0b',430460928,,,126976,SOURCE_WINDOWS_FIVEDIRECTIONS
b'\xb8\x07&\xd2\x8eVA^\xb8!P\xd3\xa4@\x9b\x10',426897408,,,114688,SOURCE_WINDOWS_FIVEDIRECTIONS
b'|\x197\xd9\xda\\K;\x85\x83.\x0c\xe4\x9c\xb8@',423104512,,,61440,SOURCE_WINDOWS_FIVEDIRECTIONS
b'i\xb5\x19\x7f!\x1fOr\xb2M\xb99\xb9\x97\xe2\xf0',422608896,,,36864,SOURCE_WINDOWS_FIVEDIRECTIONS
b'\x01\x06C\xc3X)C\x1b\x88\xac\xc4\x80\x1c]S\x90',324931584,,,36864,SOURCE_WINDOWS_FIVEDIRECTIONS
"b'r\x1cP""\xbe,H^\x9a\xc7\x1c\xaeV\x85\xffI'",426156032,,,36864,SOURCE_WINDOWS_FIVEDIRECTIONS
b'\x8a\\B\x8a\xa7\xd1L\xdc\xa0\xb4\xf2\xcb\xf6\xa9\xa2W',430657536,,,32768,SOURCE_WINDOWS_FIVEDIRECTIONS
b'n\xe0\xeao\xf7cH\xd1\xa8\x08\xce\xdea7z\x8d',430317568,,,28672,SOURCE_WINDOWS_FIVEDIRECTIONS
b'\xdb\x01%\xe0\xa3\xd7D\xd4\xb4\xdd\xbdU\xaf\x8b\x19>',323649536,,,12288,SOURCE_WINDOWS_FIVEDIRECTIONS
b'\x9d;\xd4\xf1\xa5\x83O\x04\x94\x05\x82\x98\x85n4b',423186432,,,8192,SOURCE_WINDOWS_FIVEDIRECTIONS
b'\xbc\xfd:\xb5xtMi\x99\x82\xb9A\xdd$\xc8\x94',324620288,,,4096,SOURCE_WINDOWS_FIVEDIRECTIONS
b'\x1f\xe3\x17]\xa5<I;\xb51t\xc0\x01\x95l\xc9',427016192,,,212992,SOURCE_WINDOWS_FIVEDIRECTIONS
b'\xef\xda\xb0_\x17\x8cN\xce\x84\xa0M\xc5\x0b\x1c\x95\x07',423882752,,,204800,SOURCE_WINDOWS_FIVEDIRECTIONS
b'\xa5>\xb3\xce|\x88E&\x9e b+\xf0*\xac\xe4',2117971968,,,8192,SOURCE_WINDOWS_FIVEDIRECTIONS
b'\xcf\xb7\x0b\x84\x12pE\xf6\xb6(M\xe3SC!S',2117976064,,,4096,SOURCE_WINDOWS_FIVEDIRECTIONS
b'y\x11Wf\xd9\xedEH\x87\xe2\xc4\x88\xf8\xbaVY',288718848,,,8192,SOURCE_WINDOWS_FIVEDIRECTIONS
b';\xc49r\xe5xG\xf2\x91\x96\xae\x80\xda\x06O\x00',288714752,,,8192,SOURCE_WINDOWS_FIVEDIRECTIONS
"b'K\xdd\x05\x9e\x0b,F\xdc\xb1W)\xf3L\xadA\xc7'",288710656,,,8192,SOURCE_WINDOWS_FIVEDIRECTIONS
b'\xb6r\r/gmA\x19\x81\x0e0e>P\xfe\x8b',288706560,,,8192,SOURCE_WINDOWS_FIVEDIRECTIONS
b'\xf6\x93\xbet\xd7&J\xe0\x8d\xd2\xb4#\xcf\x15a\x17',288702464,,,8192,SOURCE_WINDOWS_FIVEDIRECTIONS
b' \x0f\x18\xff\x1b:J0\xac\x19\x0e\xb4H\xb9O\x96',288698368,,,8192,SOURCE_WINDOWS_FIVEDIRECTIONS
b'\r\xca\x89\xe8\xf7\x81L\xcc\xb8p\x8e\x998\xd1\xe7\x0f',288694272,,,8192,SOURCE_WINDOWS_FIVEDIRECTIONS
b'\x81x%#h\x8fL\x87\x8d=t\xcb\xacB\xdd\xa5',288690176,,,8192,SOURCE_WINDOWS_FIVEDIRECTIONS
b'\xa1W~\x92N\xc4N\xc3\x9aD\x89\x18O=\xfbj',288686080,,,8192,SOURCE_WINDOWS_FIVEDIRECTIONS
b'L\x14\x9a\xb6:\xcfBm\xa5l>\xcb\xbe\xe1\x89\x16',288681984,,,8192,SOURCE_WINDOWS_FIVEDIRECTIONS
b'X\x07U\xca0\xfcN4\x90j\x15V\x9a\xd2\xa4\xc7',288677888,,,8192,SOURCE_WINDOWS_FIVEDIRECTIONS
b'\xeb/A\x7fV\xdeFs\x8c\xed\xda 7\x15]-',430977024,,,266240,SOURCE_WINDOWS_FIVEDIRECTIONS
b'R\xfb\xa5\x90\xd2^D\\\x96\xfa\xec\x05\xec\xf2Xk',431243264,,,266240,SOURCE_WINDOWS_FIVEDIRECTIONS
b'#\xc4\xd3;I\x91B\xc3\xb1e\x01\x86\x08s{7',430972928,,,7852032,SOURCE_WINDOWS_FIVEDIRECTIONS
b'\xcc\x92n\xb7\x02\x1cO\xd4\xa5\xbaW_e_\xd3\x94',288751616,,,1052672,SOURCE_WINDOWS_FIVEDIRECTIONS
b'O[\xe17\x17\x03G5\x9f\xf2\x98.\xe5\x96O\xa7',427102208,,,131072,SOURCE_WINDOWS_FIVEDIRECTIONS
b'W8\xea\x8e\xc1$F\xc1\x85\xdc#M\xb5?UI',426139648,,,53248,SOURCE_WINDOWS_FIVEDIRECTIONS
b'\xc9\xaaj\xa4\xf6>J0\x81\xa6\x89\xe4H\xf0!.',246972416,,,32768,SOURCE_WINDOWS_FIVEDIRECTIONS
b'[\xd1+N5`G\x91\x80d\x8c=sR\xde\xb8',427528192,,,28672,SOURCE_WINDOWS_FIVEDIRECTIONS
b'\xffe\x88\xb9\xd1\xcbI\xbf\xbb\x06\xd3gYR\xcc;',279863296,,,28672,SOURCE_WINDOWS_FIVEDIRECTIONS
b'\x15p\xb1\xfen\x97E)\x90\x02\xbb=h\x06\xa1s',246804480,,,28672,SOURCE_WINDOWS_FIVEDIRECTIONS
b'\xf6T\xf4\xfc\xbb\x0bO\xa0\xa3\xbe\xbd\xaf\x11\xed7*',425811968,,,12288,SOURCE_WINDOWS_FIVEDIRECTIONS
"b""]\xd3\xec\xb2rTB\x18\x9au\xbfr\x00\x17'_""",326221824,,,12288,SOURCE_WINDOWS_FIVEDIRECTIONS
b'j&\xe2k\xf5\x02G_\x99!\x8dU\\l/;',280944640,,,8192,SOURCE_WINDOWS_FIVEDIRECTIONS
b'g]\xa5\x95~9M\x19\xbdQ\x0c\x8d\x1d\xd8)M',424402944,,,4096,SOURCE_WINDOWS_FIVEDIRECTIONS
b'/\x99\n\xbf\x1c\x9aE\xd4\x89!k\xe5\xfdkr\xe2',430366720,,,8192,SOURCE_WINDOWS_FIVEDIRECTIONS
b'+\x1c\x81\x9b\xd6-OD\x96\xb5\x1b\x13gh\x8f\xb0',213422080,,,8192,SOURCE_WINDOWS_FIVEDIRECTIONS
b'^\x9bd\xe7\xb9\xd6E-\x89>\x9c\x0b\xa3\xd0Lc',320532480,,,4096,SOURCE_WINDOWS_FIVEDIRECTIONS
"b'T\xce,\x82\x91\x06D\x16\xbf\x1bD\xd2?\xb6\xb9m'",351080448,,,487424,SOURCE_WINDOWS_FIVEDIRECTIONS
b'E\x9d\xd7{O\x98M\xe8\xb1\xbby`\xa71\xaf\t',379781120,,,12288,SOURCE_WINDOWS_FIVEDIRECTIONS
b'\xb2\xd4\x1f\xa5\xfd>B|\xbe;\xa1Rm]\xd2\x80',351014912,,,61440,SOURCE_WINDOWS_FIVEDIRECTIONS
b'\xe0\x9c\xef\x81\x0b1D\xc6\xa3\x03\xd9\xb90\x8d0\x81',124188098560,,,1048576,SOURCE_WINDOWS_FIVEDIRECTIONS
b'J\xd4\x8e\xd2G\xaeK\x1b\x88\x87\x95\x9c\xd9\\\x19\xfc',124189114368,,,32768,SOURCE_WINDOWS_FIVEDIRECTIONS
b'P\xf6\n\x99<\xa3M\x9b\xbd\x9cT\xc1\xf2\xb3\xfc\x98',124189102080,,,12288,SOURCE_WINDOWS_FIVEDIRECTIONS
b'\xfe\x8eg\xd7\x84\x9bB\xa2\x85\xe6 (\x10\xd3\xdb\xdf',348110848,,,4096,SOURCE_WINDOWS_FIVEDIRECTIONS
"b'\x8aB\xd3+\xaa]Lg\xa7\xd9\x8f,xZ\x8c$'",218353664,,,4096,SOURCE_WINDOWS_FIVEDIRECTIONS
b'r\x13\xf9\xf1x\xedL|\xa6q\xd8\xa1\x89\xf9\x86\x96',54439936,,,4096,SOURCE_WINDOWS_FIVEDIRECTIONS
b'\x8c\x83\r\xf4\x81VG\xbc\x83\x14\xd3D\xfb\xde\x1c\xf3',245518336,,,12288,SOURCE_WINDOWS_FIVEDIRECTIONS
b']p\xe1\xbf:3Om\xa3%/\xab\x0b?\x0c\xb5',317390848,,,3145728,SOURCE_WINDOWS_FIVEDIRECTIONS
b'\xa10\x9c\xe1\xeffO\xb0\x89\xc7\x16m\xad\x04L\x81',124189147136,,,524288,SOURCE_WINDOWS_FIVEDIRECTIONS
b'\xe7K\xdd\xddT\xe4J\x0f\x9eR\xf77\x81xf\xee',124189638656,,,32768,SOURCE_WINDOWS_FIVEDIRECTIONS
b'\xacx\x8cOi\xa7NF\xb3M(\x14:U}\xda',124189626368,,,12288,SOURCE_WINDOWS_FIVEDIRECTIONS
b'?\xfa.\x8a\x7f\x9aC\xd2\xb5\xfax[\xe0\xddt\xfd',527892480,,,524288,SOURCE_WINDOWS_FIVEDIRECTIONS
"b""x>1\xbd\xf2\xddN\x19\xbb\x90q\xae'\xbbl\x02""",528359424,,,57344,SOURCE_WINDOWS_FIVEDIRECTIONS
b'Q\xf1B\x90\x9b\x03DF\xa6 \x92f\x82\xc4\xb7\xfd',528347136,,,12288,SOURCE_WINDOWS_FIVEDIRECTIONS
"b""\x02\xff\x80t\x9b2B'\x86\xc0\x08\x08\xd50\x10!""",330063872,,,32768,SOURCE_WINDOWS_FIVEDIRECTIONS
"b""\t'\x87\xa4\xaf\x1cNp\x8aE\x90e\xba\x89\x08(""",323698688,,,299008,SOURCE_WINDOWS_FIVEDIRECTIONS
b'\x84\xe7\xb7\x0f\x10\x8c@\xab\xac~\x86\xed\xae\xf2\xe8G',280764416,,,94208,SOURCE_WINDOWS_FIVEDIRECTIONS
b's\xd9\xf9*1wFA\x9c\xbcv\xca\xbe\xd0\x04$',279805952,,,86016,SOURCE_WINDOWS_FIVEDIRECTIONS
b'\xf4\xe3\x92\x87}\xa4F\x16\x93\x14ik\xbfw7k',324988928,,,32768,SOURCE_WINDOWS_FIVEDIRECTIONS
b'\x8aJ\t^T\xbeJt\x9d\xce\xc4N/\xd6us',326365184,,,16384,SOURCE_WINDOWS_FIVEDIRECTIONS
b'\xc1_\xd8\x8bi=G`\xa6\x1b\xae|)[\xc8\x92',326004736,,,8192,SOURCE_WINDOWS_FIVEDIRECTIONS
b'\x19y\xbc\xd2z5J\xc7\x87\x17?j\xf9|\xb5u',280281088,,,4096,SOURCE_WINDOWS_FIVEDIRECTIONS
b'\t4\x8e\xdb\x8b\x0fO:\x97\xe1\x8d\x8c\x8eA\xfc\x9f',213884928,,,4096,SOURCE_WINDOWS_FIVEDIRECTIONS
"b'\xb8R\xf9\xbc,-A\x96\x9cd\x03+\x9e2\xb8\xdc'",426692608,,,540672,SOURCE_WINDOWS_FIVEDIRECTIONS
b'\xa5\xdf)h\x1a\xa5K\xb0\xaf\x9c\xdf-\xf5@q\x04',430145536,,,45056,SOURCE_WINDOWS_FIVEDIRECTIONS
"b'=\x9dP\xf6,\xaeI%\x9b\x8dYu7\xb9Q\xdb'",429854720,,,36864,SOURCE_WINDOWS_FIVEDIRECTIONS
b'\x02Y\x13AC\x08M\xdd\xab\xa8\xb7\x87\xfeh\x18\xca',331026432,,,65536,SOURCE_WINDOWS_FIVEDIRECTIONS
b'\xf8v\xd5\xbe\xb4)GT\xba\xdd\xc1\x8b\xa8r)J',348348416,,,28672,SOURCE_WINDOWS_FIVEDIRECTIONS
b'W\x02)+\xec\xcfL\xbd\xb7!\x88\x9f\xdc\xd1CX',218300416,,,4096,SOURCE_WINDOWS_FIVEDIRECTIONS
b'\xab-\x9e\x85\xe7\x08LR\xb5;n\xa4:\x89nz',217321472,,,69632,SOURCE_WINDOWS_FIVEDIRECTIONS
b'\xbb:\x86\x8d\x0b\xa8M?\xa0b\x84\x90\xd1Z\xb7q',217477120,,,4096,SOURCE_WINDOWS_FIVEDIRECTIONS
b'\xd5T\x12&[SAb\xa9\x9b\xdajeuA{',429772800,,,61440,SOURCE_WINDOWS_FIVEDIRECTIONS
b'\x19O\x00\xb4PkMo\x9c\xac\xe9>\x9fE\xca\x00',325726208,,,61440,SOURCE_WINDOWS_FIVEDIRECTIONS
b'\xf3\x7f\x9f9\xbd\xbcL\x14\x8f3\n\x8eVX*\xd6',429912064,,,53248,SOURCE_WINDOWS_FIVEDIRECTIONS
b'y\xdd\xe0\xd3E\\D\xa4\x8e~\xabk\x9d=\xab\xde',328441856,,,28672,SOURCE_WINDOWS_FIVEDIRECTIONS
"b'{M\xa2""zCB\x8b\xb6i\xb2\x8c\xff\x90\x08\xa1'",324329472,,,28672,SOURCE_WINDOWS_FIVEDIRECTIONS
b'\x995\xdd\xcc\xf4zA\x88\x93\xa3}\xe1`\xb6\xbf\x7f',279609344,,,16384,SOURCE_WINDOWS_FIVEDIRECTIONS
b'\x8b6)\xc3\x88sE\x1c\xb9\xaa(;\x9a\xba\x03\xea',430268416,,,12288,SOURCE_WINDOWS_FIVEDIRECTIONS
b'\xa5\x86\xf2\xfd\xcd\x00J\xbb\xb4\xda\xfe\xcaCO\xbd)',280260608,,,12288,SOURCE_WINDOWS_FIVEDIRECTIONS
"b'\x17\x83\r%,\x8fG\xbe\x92\xbf\xc4\xf4n9\xb9\xe5'",327348224,,,12288,SOURCE_WINDOWS_FIVEDIRECTIONS
b'\x1e\x07\xbc\x00i\x1fK\xa1\x97i\r\xb6\xca\xf6\xdc`',213749760,,,12288,SOURCE_WINDOWS_FIVEDIRECTIONS
b'9\xd5\xfea\xec\xa0B\xe7\x9e\x1b\xf4\x9a$\x02\x1c9',279707648,,,8192,SOURCE_WINDOWS_FIVEDIRECTIONS
b'7.\x8f\xde\xa2\xecH\xb2\x80\xbb-Ak]\x8dT',326135808,,,8192,SOURCE_WINDOWS_FIVEDIRECTIONS
"b""\x1c\x85\xf7\xe4U>B\xa5\x8e\xbc\xea\xd9'g\x94\xce""",48046080,,,4096,SOURCE_WINDOWS_FIVEDIRECTIONS
b'\x15\xec\xcb\xc5YqI\x16\xbd\xec=\x08=\x98\xe2F',321314816,,,4096,SOURCE_WINDOWS_FIVEDIRECTIONS
b'\xc9:\xdc%\x19<O\xaf\xbe\xcd7\xe7+k\x88\xa2',48324608,,,4096,SOURCE_WINDOWS_FIVEDIRECTIONS
b'Aw\xa6\x90h\x1c@\xa5\xa1\xeb\xfa\xae\xc8[h\xeb',213827584,,,4096,SOURCE_WINDOWS_FIVEDIRECTIONS
b'\x9f\x83:\xe3q\xf6O\xab\xbe(\xf43e\xb3mH',278298624,,,4096,SOURCE_WINDOWS_FIVEDIRECTIONS
b'\xec#\xc1\x19\xf9\x97A1\x8e\xf3\x0f\x1fV@\xca\xaa',428285952,,,192512,SOURCE_WINDOWS_FIVEDIRECTIONS
b'{\x12\x05\x84\xd8\xbbMg\x90L~]\x9d\x16\xa0/',429846528,,,45056,SOURCE_WINDOWS_FIVEDIRECTIONS
b'\x91\x97\x89(nwDD\xb9\xadS\xb7\x15\x01\xe9\x03',325316608,,,36864,SOURCE_WINDOWS_FIVEDIRECTIONS
b'@u\x970G\xb1J\xbd\xb7\xee\x08\xe6b\xae\xbf\xc1',324194304,,,12288,SOURCE_WINDOWS_FIVEDIRECTIONS
"b""\xd4,\xc5j\xb2YBP\x9a\xd4'\xa1L\xd0\xf5\x90""",328380416,,,8192,SOURCE_WINDOWS_FIVEDIRECTIONS
"b""'\xc1%\xcb(%G\xb1\x92\xc9\xd2\x90\x05\xa8\x04\xa6""",277954560,,,4096,SOURCE_WINDOWS_FIVEDIRECTIONS
b'u\xab\xaa\x06\x14\xacJ\x0f\xab1fHA\xd1\x80\x91',48304128,,,4096,SOURCE_WINDOWS_FIVEDIRECTIONS
"b""\x18\x92\xb4\x03'\xe2N1\x87\xa9\xac%\xac\xd3\xbc\x17""",348033024,,,40960,SOURCE_WINDOWS_FIVEDIRECTIONS
b'a\x81\xa7*\xcd\x0cE_\xa7s0B\x17)\x81[',218062848,,,4096,SOURCE_WINDOWS_FIVEDIRECTIONS
"b""\x8d=\\\xbcnkL\xa0\x82\xd2M \x7f'\xe1\x0c""",371671040,,,368640,SOURCE_WINDOWS_FIVEDIRECTIONS
b';cW\x1f|\xfeM\x8a\xa8\xe1M\xb4%c4\r',84148224,,,1048576,SOURCE_WINDOWS_FIVEDIRECTIONS
b'\xa7W=.\xfe\x8b@\xd1\x90\xe4\x0cR\xee\xc2-\xa0',85192704,,,4096,SOURCE_WINDOWS_FIVEDIRECTIONS
b'<\x94\xc5\x14\xa3TO\xb6\x86\xd1S\xec\xc1\x9f\x1dN',85184512,,,8192,SOURCE_WINDOWS_FIVEDIRECTIONS
b'\x9cl\xe3\x90\x0b\x01N\xe6\x8d\x86vJ\xa8]\x96\xef',218214400,,,24576,SOURCE_WINDOWS_FIVEDIRECTIONS
b'D\x1b\x16\x9eh\xe2A\xdd\x9c\xe5\x05x\x1eE\xcbP',347893760,,,12288,SOURCE_WINDOWS_FIVEDIRECTIONS
b'\x9c\xb2\xcce\xe8\xe3K\xbd\xb5\xd5 >\x8e\xe5\xef$',217591808,,,4096,SOURCE_WINDOWS_FIVEDIRECTIONS
b'\xcc\xd0\x8c\xed\x80\x8aCg\xb7\xe3\x13\xba\xed\x7fp+',347885568,,,20480,SOURCE_WINDOWS_FIVEDIRECTIONS
b'K\xac5]\\\xd4E\xdb\x9d.p\xa6S_\x8e>',348012544,,,16384,SOURCE_WINDOWS_FIVEDIRECTIONS
b'l\x86\xb8\xf0\xac\xbaI\xb5\xb3Odj\xcf\xb5[\xb5',10485760,,,2097152,SOURCE_WINDOWS_FIVEDIRECTIONS
b'\xc8\x10\x1a\xa7\\IEs\x92\x9c\x00>\x8b\xd3\xdf\x06',2147352576,,,4096,SOURCE_WINDOWS_FIVEDIRECTIONS
b'w\n\xee\xbc\xac\xacOf\xa1\xe4\x10=X\x0f#a',2147356672,,,61440,SOURCE_WINDOWS_FIVEDIRECTIONS
b':\x90\xebG\xdd\x81D\xbd\x89\xb1\xcfE\x13\xc3\n\x9e',2147418112,,,140709373018112,SOURCE_WINDOWS_FIVEDIRECTIONS
b'\xa5l\xab;\xfc\xf1N\xb2\x9c\xe7\x8a\x14\xd36\x9d\x83',140711522402304,,,25965887488,SOURCE_WINDOWS_FIVEDIRECTIONS
b'\xb4}\x95\x04\xb3\x88G\xae\x94E\xf8%\x9b5\xb7\xb3',183070720,,,40960,SOURCE_WINDOWS_FIVEDIRECTIONS
"b'\xe4I\x1c-\xf6\xf7G\x11\x9f\x98ZJ+\xed""\x0c'",187797504,,,24576,SOURCE_WINDOWS_FIVEDIRECTIONS
b'<X\x13\xded\xa9B\xe2\x9cG&#\xc5\xbc\x13\x98',182784000,,,12288,SOURCE_WINDOWS_FIVEDIRECTIONS
b'(\x8f@\x92\xa0\xa9Gx\x8a~\x9e\xbaUp\xa9\x1d',182861824,,,12288,SOURCE_WINDOWS_FIVEDIRECTIONS
b'\xe5\xf5\xe6I\xe1DKS\xb4\xb9\x96\xd3\x19\x1f\xa7\x99',181272576,,,8192,SOURCE_WINDOWS_FIVEDIRECTIONS
b'N\xaaC\xdb\xd1\x15H\\\xa5\x83\x0f`\x17\xed\x0cn',180756480,,,12288,SOURCE_WINDOWS_FIVEDIRECTIONS
b'\x0ee+\x16\x11wG\x18\x8b\x0f\x80\x0ca\xb7M-',186105856,,,4096,SOURCE_WINDOWS_FIVEDIRECTIONS
b'\x1bx\xc7\x8d\xcb\xc7C%\x88\xca`@\x96\x96\xe1 ',2512054452224,,,65536,SOURCE_WINDOWS_FIVEDIRECTIONS
"b'\x83*\x87\xd5\xe1\xf5O9\xb8_\xf9\x1a\xadf,}'",2028453429248,,,131072,SOURCE_WINDOWS_FIVEDIRECTIONS
b'8e*\xb7\xb2MA|\x8b\xedj\xad\xd7\xc7\x81\xe9',362470244352,,,524288,SOURCE_WINDOWS_FIVEDIRECTIONS
b'k\x92\x99\xeb\x03\xd0Bm\xb2\xa9z\r\xd1r\xc9+',362470752256,,,16384,SOURCE_WINDOWS_FIVEDIRECTIONS
b'\x95\x9a\xdfV\xf7yFb\x90\x0fr`\xad\xf4i\xc3',362470739968,,,12288,SOURCE_WINDOWS_FIVEDIRECTIONS
"b""o\x8a\xd8'\x8c`B\x14\x84\xff\xd5\xbd\x1f\rn\x08""",2028453822464,,,4096,SOURCE_WINDOWS_FIVEDIRECTIONS
b'o\xb6RQE\x99M0\xba\xa3P\xbdX\x95>\x97',2203165978624,,,4096,SOURCE_WINDOWS_FIVEDIRECTIONS
b'\xe5&\xad^\x95\xf2Go\xb7#\xa3U\xc44Bk',2028453888000,,,33558528,SOURCE_WINDOWS_FIVEDIRECTIONS
"b',\x11\xb0B\x87\x9fC$\x8a\xdb\xd6\xd9\x8e\xe1\xe4\x11'",2028487442432,,,4096,SOURCE_WINDOWS_FIVEDIRECTIONS
b'\x08+\x82p;vJ\xee\xaa\xee\xa9e\xcd\xed\xb6N',2028487507968,,,1871872,SOURCE_WINDOWS_FIVEDIRECTIONS
b'\x92\x9dP\x1b\x89l@\xe4\x9f\x8e\xb2\xa1\xb4C\xe5\xb8',2028489342976,,,4096,SOURCE_WINDOWS_FIVEDIRECTIONS
b'\xe6N\x00\xcf\x1b\xd7E\xe5\x88\xc3(f\xe9\x95\xc6\x96',2028489408512,,,2097152,SOURCE_WINDOWS_FIVEDIRECTIONS
"b""\xe3\xac\xf7\xa6WVIi\xa3\x9ad`8'r\xff""",2028491243520,,,262144,SOURCE_WINDOWS_FIVEDIRECTIONS
b'\x0e\x9bK\x937:B\xcf\xa7`*\xbd.\xadR3',2028490194944,,,12288,SOURCE_WINDOWS_FIVEDIRECTIONS
b'\x05\x16G\xd2\xd6\xe8C9\xa8\xad}\x8e\xd9\xaf\x00/',2028454371328,,,4096,SOURCE_WINDOWS_FIVEDIRECTIONS
b':\xb92xlRL6\x87\xbfb\xd8\xed\xd5{#',2028490207232,,,4096,SOURCE_WINDOWS_FIVEDIRECTIONS
b'\xd9u\xdf|\xccDLp\x9aA;\xcaw\x88/\x0e',2028453429248,,,131072,SOURCE_WINDOWS_FIVEDIRECTIONS
b'_.\xb4\xf4\x15TC\xae\x98\x1a\x19\xd9ND\r\x9c',2028490211328,,,4096,SOURCE_WINDOWS_FIVEDIRECTIONS
b'\x13\xaf\x912\x1d6Os\x9dG\x90\x1c}A\xef\xe0',2028490215424,,,4096,SOURCE_WINDOWS_FIVEDIRECTIONS
b'\xc7\x18\xb8k\xef\xeaH\xc3\xb3e\xa4s\xdc\r\xbe\x84',362470768640,,,524288,SOURCE_WINDOWS_FIVEDIRECTIONS
b'}\xd56!\x97IG\x92\x94W\xbe\x05>\x02g\x11',362471260160,,,32768,SOURCE_WINDOWS_FIVEDIRECTIONS
b'[?\xee\xc6w\xa9GG\xb1\x98\xa9dA\x9a0\xd6',362471247872,,,12288,SOURCE_WINDOWS_FIVEDIRECTIONS
b'\xe3\xc1\xeb\\\xca\xb9C\x86\x92\x18\xc3Y\x99\xad\xddX',2028490219520,,,4096,SOURCE_WINDOWS_FIVEDIRECTIONS
"b""'+\xc9\xdff\xc9N\xfb\xae\x1f\x97\x97\x86\xc0A\xed""",2028490223616,,,4096,SOURCE_WINDOWS_FIVEDIRECTIONS
b'Cq\xe299\xf5@\xfa\x89=\xbf\xec\xc2\x0f\xf1\x81',2028490227712,,,4096,SOURCE_WINDOWS_FIVEDIRECTIONS
"b'\xa9\x90@ko\x99C\x83\x83/\x9e!\xc1""\xc3{'",2028490231808,,,4096,SOURCE_WINDOWS_FIVEDIRECTIONS
b'\xa3\x82\xa0$$=HO\xa8W\x99{AU\xf8Z',2028490272768,,,4096,SOURCE_WINDOWS_FIVEDIRECTIONS
"b'M\xf9\xcbX\x9bnHu\x8b\xd4\xb4\xd1\x9c,\xe5\xf8'",2028490276864,,,4096,SOURCE_WINDOWS_FIVEDIRECTIONS
b'I\xf4\x91\xea\x18QG\x85\x87<\x1b\xf5\x18\xd1z\x1e',2028490235904,,,4096,SOURCE_WINDOWS_FIVEDIRECTIONS
b'\x00c\x1d\x99\x85UN\xda\x9a\x9cb\xf9\x15\xbc\xc6~',362470735872,,,12288,SOURCE_WINDOWS_FIVEDIRECTIONS
b'CQQ\xf5\x91;C\xdd\x85\x15Z9Z6X\x07',362470731776,,,12288,SOURCE_WINDOWS_FIVEDIRECTIONS
b'\x01US\xfe1\x11E4\xack<8E\xc8J|',362470727680,,,12288,SOURCE_WINDOWS_FIVEDIRECTIONS
b'\xe4\x07k\x18h+B\x1b\xb1\xdf\x88\xd1\xf8\x80j\\',362470723584,,,12288,SOURCE_WINDOWS_FIVEDIRECTIONS
"b'm\x89,\xe0\xc95D\xa3\xa6\xb5v\x8cQ\x0c\xa1\xe3'",362470719488,,,12288,SOURCE_WINDOWS_FIVEDIRECTIONS
b'\x1c?\xa1\x9c\x0f\xacB-\x8b\x9csua\xfe@y',2028490240000,,,4096,SOURCE_WINDOWS_FIVEDIRECTIONS
b'\x8d@!u\xc0\xe4Ft\xb9\xbaPF\xbd\xf9Rh',2028490244096,,,4096,SOURCE_WINDOWS_FIVEDIRECTIONS
"b""\x1f\x86M\xaa\n\x0cM)\x9d>>\xe8'y\x97\xb4""",2028488359936,,,692224,SOURCE_WINDOWS_FIVEDIRECTIONS
b'z\x88Tk\x966JM\x8cIa\xc3\xf49\xc1*',2028489015296,,,4096,SOURCE_WINDOWS_FIVEDIRECTIONS
b'\x1aO\xa1\xc3\x82\xadJ3\xa3\xbcD\xe2\x7f\xe73=',2028492292096,,,1048576,SOURCE_WINDOWS_FIVEDIRECTIONS
b'\x87\x17~)!\tF\xda\xbf^\xef\xe5\xf9\x99\xdb!',2028490248192,,,4096,SOURCE_WINDOWS_FIVEDIRECTIONS
b'Ald6+\xb0L;\x8b]j?\xef\xfd\xf7\xe3',2028491255808,,,4096,SOURCE_WINDOWS_FIVEDIRECTIONS
b']\x03\xb7E)\xadE\xa7\xab/{\xafl\x08f\xeb',2028491259904,,,4096,SOURCE_WINDOWS_FIVEDIRECTIONS
b'\xa5\x92\xb2\xd2\x0c\x9aBz\xae\xae\xb6\x83\x00Kmf',2028490280960,,,4096,SOURCE_WINDOWS_FIVEDIRECTIONS
b'\xbc\xc1\xa9\xce\x1b\x13K\x9f\xb6\xdbT\xfb\xf4\xbe\xef\x1f',2028490285056,,,20480,SOURCE_WINDOWS_FIVEDIRECTIONS
b'\xac\x9c\xe0\xa5\x0c\x87B`\x9c&w\xee_o\xd4\xfb',2028490350592,,,4096,SOURCE_WINDOWS_FIVEDIRECTIONS
b'\xbd\xd5^\xef!\xfaE\xc8\x8cT\xa9\x1d\x04i\xb0i',2028490354688,,,4096,SOURCE_WINDOWS_FIVEDIRECTIONS
b'\xbc~8\xb8\xaa\xb2L\xe3\xb1\t#\xa5\x01\xca%+',2028490358784,,,4096,SOURCE_WINDOWS_FIVEDIRECTIONS
"b""\x11\xd0\x07\xf0I\x05A\x19\xb7\xb8C\xba\xcb';\xc0""",2028490252288,,,4096,SOURCE_WINDOWS_FIVEDIRECTIONS
b'D\xa0s\x97\x0fIN\xc1\x96~ \xd0\xe6\x16\x93P',2028490362880,,,4096,SOURCE_WINDOWS_FIVEDIRECTIONS
b'\x92\xff\xe4`$\xa3O.\xa0\xd8\x8bY\x8b\\\xad:',2028490366976,,,4096,SOURCE_WINDOWS_FIVEDIRECTIONS
b'2\xde.)\xaf\xc6G\x83\x9b\x0f\xf0\x1bDRN\xed',2028490256384,,,4096,SOURCE_WINDOWS_FIVEDIRECTIONS
b'\xbb\xde\x7f\xd7\xbc\xefE\x1c\xbf\xd8>)\xa8?\x81\xf6',2028453494784,,,4096,SOURCE_WINDOWS_FIVEDIRECTIONS
b'\x81\\2/\x012L\x98\xb1\xff\x03\xe3a#Y\\',2028490260480,,,4096,SOURCE_WINDOWS_FIVEDIRECTIONS
b'\x85v\x02G*\xf3F\xa7\x84\xbb\xd0\xb9\xb0\xca\xd7d',2028490264576,,,4096,SOURCE_WINDOWS_FIVEDIRECTIONS
"b'\xa6%""\xe9>\xf5Kl\xa7thf\xfd~\x12\xd7'",2028490305536,,,4096,SOURCE_WINDOWS_FIVEDIRECTIONS
b'\xa4R\xf8\xf9\xe9\xdaI\x82\xab\xcf\x92\xa6\xe0\xcak\x17',2028490309632,,,4096,SOURCE_WINDOWS_FIVEDIRECTIONS
b'|\xd8\x03$\x7f\x08L\xbb\xba\xa1\xdf8>+\xa6\x06',362473848832,,,524288,SOURCE_WINDOWS_FIVEDIRECTIONS
b'\xa6\xa8\xdbU\x021O<\x85\xca\x9c\xe6#\xef\xfd\xf3',362474340352,,,32768,SOURCE_WINDOWS_FIVEDIRECTIONS
b'b5\x857}\x0bJ\x89\x9e\xe3\xb2\x17_\x0e0\x8b',362474328064,,,12288,SOURCE_WINDOWS_FIVEDIRECTIONS
b'\xb2%^Ok\x8dI\x17\x8eI\x9a\xb6A\x81\xde\x13',2028490313728,,,4096,SOURCE_WINDOWS_FIVEDIRECTIONS
b';/~?\x9e\xc9M\x0b\x9c\x9du\x86\xcb\xc4\x18\xbe',2028490317824,,,4096,SOURCE_WINDOWS_FIVEDIRECTIONS
b'\xecK\xa4\x9e\xa5\xf3@f\x84\xf1\xd2b\xf9\xd3e\xf2',2028490321920,,,4096,SOURCE_WINDOWS_FIVEDIRECTIONS
b'@\xecU\xe5\xa1\x98K<\xae\xa3\xd5\x06\xb3U\xef\x91',2028496093184,,,888832,SOURCE_WINDOWS_FIVEDIRECTIONS
b'*^\x0bn\xd3\x01O\xa6\xa8Ci\xbb\xcc^\x00\xda',2028496945152,,,4096,SOURCE_WINDOWS_FIVEDIRECTIONS
b'\xe7\x12\x9d\x11d\xcfG\xa2\x8fX\xf4\x97\xb3g\xa9e',2028497010688,,,2097152,SOURCE_WINDOWS_FIVEDIRECTIONS
b'\x02\xd2\x9fU\x1b\xc7N\xcd\xb3\x13\x99\x1c\xca\xc11)',2028498583552,,,524288,SOURCE_WINDOWS_FIVEDIRECTIONS
b'\xd9Klmz\xc8C\xc2\xa1dH\x00+\x8c\xbf\xb3',2028497534976,,,8192,SOURCE_WINDOWS_FIVEDIRECTIONS
b'#\xaf|#~\xe3DL\xb0GC\xe0^HR\x8d',2028497543168,,,4096,SOURCE_WINDOWS_FIVEDIRECTIONS
b'mu\x16C\x8a\xa0J\x18\x9cW0\xda[\x15SX',2028497612800,,,8192,SOURCE_WINDOWS_FIVEDIRECTIONS
b'\x1f\x97\x93 0\xb6Ge\x90\xd5\x1fckLr\x8e',2028490326016,,,4096,SOURCE_WINDOWS_FIVEDIRECTIONS
"b'\xcd61Q,\x03@E\x86\xd2\x1e\xe8[""Q\x8f'",2028490330112,,,4096,SOURCE_WINDOWS_FIVEDIRECTIONS
b'h\xb8V#b\nN\xee\x8f\x018\xb6(h\xc0\xcf',362474373120,,,1048576,SOURCE_WINDOWS_FIVEDIRECTIONS
b'\x9d\x02\x17)\x15\x9dL*\x8c\x0220\xff2l\xc7',362475388928,,,32768,SOURCE_WINDOWS_FIVEDIRECTIONS
b'\xc2W\xf2E\x1fKH\xad\xb5\x80\x16\x94\xb6\xbc\xdd\xda',362475376640,,,12288,SOURCE_WINDOWS_FIVEDIRECTIONS
"b'\xd7\x17\xd3,\x07\x97A4\x99\x16)\x897o\x8e\xf2'",2028490334208,,,4096,SOURCE_WINDOWS_FIVEDIRECTIONS
b'v\xb3l\xf99\xe2O>\xab\x99+\xcdG=Z\x12',2028490338304,,,4096,SOURCE_WINDOWS_FIVEDIRECTIONS
b'\x96}j\xcd\xbe}Fj\x86\xdaF\x87v\xc2\xc0\x81',2028490371072,,,4096,SOURCE_WINDOWS_FIVEDIRECTIONS
b'\xe1\xf0 u\xa0&Ko\x85i\xe3n\x17\x8a\x03\xb3',2028490375168,,,65536,SOURCE_WINDOWS_FIVEDIRECTIONS
"b'\xad\xd0,I*\xd4J\x0c\x93R\xb6\xb8\xe4\xedew'",2028490342400,,,4096,SOURCE_WINDOWS_FIVEDIRECTIONS
"b""\xff\x94\xb3\\2bA\xe7\x89'\xeb\xc3\xff\x87%\x86""",2028490637312,,,4096,SOURCE_WINDOWS_FIVEDIRECTIONS
b'\x90\x0f%\xb4\x9eJ@\xff\x90\t\xd5\xafb\x05\xc0h',2028490641408,,,4096,SOURCE_WINDOWS_FIVEDIRECTIONS
b'\x95\x89\xa4\x85\x0e!K\x16\xbeF\xcdDj\x80m\xeb',2028490645504,,,4096,SOURCE_WINDOWS_FIVEDIRECTIONS
b'L\xdd\x12\xe5\xa8\xa1I\xd3\xa5\x02C\xa5\xa7F\xde-',362475421696,,,1048576,SOURCE_WINDOWS_FIVEDIRECTIONS
b'\x83\x0bI\xc6x\xfcAK\x84\xf3\x87\xb5k\xbd+\xac',362476437504,,,32768,SOURCE_WINDOWS_FIVEDIRECTIONS
b'G\x19\xfc:\x14\rE\t\x87\x00\xcf\xba\xa2\xdd2\x8b',362476425216,,,12288,SOURCE_WINDOWS_FIVEDIRECTIONS
b'\x11\x16\x19\xb5\xf8\x88Kx\x89yuM\xd1\x8d\xa8\xcd',2028490440704,,,4096,SOURCE_WINDOWS_FIVEDIRECTIONS
"b'\x7f\x96\x9c,a\xe2G\xac\xa4\x05\xa1\\\xcbY\xbc<'",2028490444800,,,4096,SOURCE_WINDOWS_FIVEDIRECTIONS
"b'\xfb.C#\x97\xfaK\xb0\x87,\xa5\x04\x0e;=m'",2028491264000,,,4096,SOURCE_WINDOWS_FIVEDIRECTIONS
b'\x13\xc0\x1d\xb77\x01C\x7f\x9d E\x7f\xae;AA',2028490448896,,,4096,SOURCE_WINDOWS_FIVEDIRECTIONS
b'K\x852Qf\xadLW\xab\x7fW\x9d\xc0\x08\x9f\x83',2028490452992,,,4096,SOURCE_WINDOWS_FIVEDIRECTIONS
b'\x94\xb8\xa3}\xfe\x01K&\xa6]\xe5\xec+\xecF\xe2',2028490649600,,,4096,SOURCE_WINDOWS_FIVEDIRECTIONS
"b'""*\xca(J\xbaA\x99\xa4\x1d\xea\x89\xc6f\xb98'",2028490457088,,,4096,SOURCE_WINDOWS_FIVEDIRECTIONS
b'\x04\x9fh\xa0\x950F\x86\xb2\xf4\x8f+\x9c\xc4\xec\xd5',2028490461184,,,4096,SOURCE_WINDOWS_FIVEDIRECTIONS
b'\x16\x15t\x02h1L\x1c\x9a\x10\x1d\x00v\xff\xb2\xa9',2028490465280,,,65536,SOURCE_WINDOWS_FIVEDIRECTIONS
b'Cc\xe2\xfd\x91\xf5Fs\x93\xect0)\x14y\x03',2028490530816,,,4096,SOURCE_WINDOWS_FIVEDIRECTIONS
b'\x88d+w\xd6\xabI\xcf\x8f r\x942\xbf0*',345491111936,,,1048576,SOURCE_WINDOWS_FIVEDIRECTIONS
b'r|L\xb8\xd2\x07E\r\xa7/S\x1d\xa9\xb2\xde\x0c',345492127744,,,32768,SOURCE_WINDOWS_FIVEDIRECTIONS
b'\xab|\x06I\x0f\x08D\xa2\x9c\xd9\xfa\x1d\xb4\x97\xd5\x10',345492115456,,,12288,SOURCE_WINDOWS_FIVEDIRECTIONS
b'\xdd\xb5\xf9/!rFO\xad\xd8T\n\xbe\xd9\xaf\xaa',1077346807808,,,12288,SOURCE_WINDOWS_FIVEDIRECTIONS
b'w\xaa\x8a8`\x14F\xf8\xa7\xd7Jr\xf7A\x1b\xbd',1077346803712,,,12288,SOURCE_WINDOWS_FIVEDIRECTIONS
b'\xecq(_Z\xb2@\xb6\x83]\xe0\x13\xdc\x8e9\xfd',333615960064,,,12288,SOURCE_WINDOWS_FIVEDIRECTIONS
b'\r\x88\xae8\x9e\xe6H\x07\xb8q6\xcaZdL\x90',333615955968,,,12288,SOURCE_WINDOWS_FIVEDIRECTIONS
b'\xd1\x15!\xe9\xb4\xedNs\xac\xe2\x11\xb4\x12\xa9Nj',333615951872,,,12288,SOURCE_WINDOWS_FIVEDIRECTIONS
b'\x9f\xea-\xa932AC\xaa\xf5xa\xadX\x96\xbd',1761121046528,,,4096,SOURCE_WINDOWS_FIVEDIRECTIONS
b'\xc2\xd1\xcd\xe3{tH\xd6\xa4X\x8fR\x1c\x9a\xca\x84',1077345759232,,,12288,SOURCE_WINDOWS_FIVEDIRECTIONS
b'\x14JB\xe5\xd5\xb8K\x1f\xa2\x0b\x8a\xfa=p?0',1077345755136,,,12288,SOURCE_WINDOWS_FIVEDIRECTIONS
b'\xb5d\t\x12\x8e\xe0Fn\xa2\xa6+\xc9\xec\xf9\xf8y',1077340516352,,,12288,SOURCE_WINDOWS_FIVEDIRECTIONS
"b""l\xa3ZzB\x8aD\xfd\xa9'\x87\xc8O\x0f(s""",1077340512256,,,12288,SOURCE_WINDOWS_FIVEDIRECTIONS
b'\xbd\x89\x7f\x14CoKZ\x83\xd3\xf9\x0e\xaa\xa8\xf2s',1077340508160,,,12288,SOURCE_WINDOWS_FIVEDIRECTIONS
b'\xb0\x17\x0f\x9f~0CU\x81\xd8\x99\rD-^;',1077340504064,,,12288,SOURCE_WINDOWS_FIVEDIRECTIONS
b'5\x07~F@uH\xcb\xbf\xe4>X\xa6Q\x8f\xc1',1077340499968,,,12288,SOURCE_WINDOWS_FIVEDIRECTIONS
"b'\xb0\xe6""\x83\x9f\xbaLB\xa1p)\x0bX\x8c\xd2\x0f'",1077340495872,,,12288,SOURCE_WINDOWS_FIVEDIRECTIONS
b'#/\x15\x98\x17\x16@\xf3\x93+z\xb9)\xcc\x19@',1077340491776,,,12288,SOURCE_WINDOWS_FIVEDIRECTIONS
b'\x895\x89\xc0\x183Gz\xb79\x82\xb3\x99\x08\xdb\n',1761121562624,,,12288,SOURCE_WINDOWS_FIVEDIRECTIONS
b'wG\xf4\x91y1A\xcd\xb6\xa7\xaf:\x7f\x85-\x1e',1761121488896,,,4096,SOURCE_WINDOWS_FIVEDIRECTIONS
"b'\xbeP\x1a\xd2\x9a~D\xbf\x91*""\x04\xdb\x8f9z'",1761121964032,,,4096,SOURCE_WINDOWS_FIVEDIRECTIONS
b'\xad\\wkg:J\xa4\x932G\x82\x10o/\xa3',1761121746944,,,61440,SOURCE_WINDOWS_FIVEDIRECTIONS
"b'5\xcc\n\x0bZ\xf1Ie\xa1\xb0""\xcf\'\xf0V\xfe'",1761121726464,,,8192,SOURCE_WINDOWS_FIVEDIRECTIONS
b'N\xc7\xd8i\xea[KV\x9a\x8f\x1b\xae\xf3h\x1c\xa2',1761121484800,,,8192,SOURCE_WINDOWS_FIVEDIRECTIONS
b'\x00\x85\x15\xde\x02/M\xd2\x94\x9a\xbb\x02\xf5c1\xe4',333614919680,,,12288,SOURCE_WINDOWS_FIVEDIRECTIONS
"b""'\x89\xff\x95\xb0\x82Cc\xa7\xd4\xear\xac\xc98\xf6""",333614915584,,,12288,SOURCE_WINDOWS_FIVEDIRECTIONS
b'\xd5\x94E\x15\x8d\xeeM]\x92AM*\x9f\xa8\xbdd',1077341564928,,,12288,SOURCE_WINDOWS_FIVEDIRECTIONS
b'\xa7\xc0H\xab\xfb>A\xcf\x88\x9e&\x81IZ\x0c6',1077341560832,,,12288,SOURCE_WINDOWS_FIVEDIRECTIONS
b'\xf4d\xbd\x8d\xf3\xe4O\xa0\xbah\x8a\xa1/Tu\xb3',1761121431552,,,8192,SOURCE_WINDOWS_FIVEDIRECTIONS
b'o\xa5\xca\xf5\x96\x0bDU\xbck\xe6\xbee\xf2p\xa3',1761121710080,,,12288,SOURCE_WINDOWS_FIVEDIRECTIONS
b'\x90\x8e=4%\xbe@\xdc\x98\xe5\xd0\x93Q+U\xbd',2147352576,,,4096,SOURCE_WINDOWS_FIVEDIRECTIONS
b'\xf4\x88\x96\xb2\x04\xf9J\x19\xbd\xb5c\xaabu\x0c]',2147356672,,,61440,SOURCE_WINDOWS_FIVEDIRECTIONS
b'o\xca}\xb0\x04\xc4N\x80\x85YH+\xafF\x1f\xec',333608648704,,,2097152,SOURCE_WINDOWS_FIVEDIRECTIONS
